{
  "format_version": "1.10.0",
  "minecraft:attachable": {
    "description": {
      "identifier": "aerell:sarung_hijau_b.player",
      "item": {
        "aerell:sarung_hijau_b": "query.owner_identifier \u003d\u003d \u0027minecraft:player\u0027"
      },
      "materials": {
        "default": "armor",
        "enchanted": "armor_enchanted"
      },
      "textures": {
        "default": "textures/pakaian/sarung_hijau_b",
        "enchanted": "textures/misc/enchanted_item_glint"
      },
      "geometry": {
        "default": "geometry.player.pakaian.chestplate"
      },
      "scripts": {
        "parent_setup": "variable.chest_layer_visible \u003d 0.0;"
      },
      "render_controllers": [
        "controller.render.armor"
      ]
    }
  }
}