{
  "format_version": "1.8.0",
  "minecraft:attachable": {
    "description": {
      "identifier": "aerell:sarung_merah",
      "materials": {
        "default": "armor",
        "enchanted": "armor_enchanted"
      },
      "textures": {
        "default": "textures/pakaian/sarung_merah",
        "enchanted": "textures/misc/enchanted_item_glint"
      },
      "geometry": {
        "default": "geometry.player.sarung.leggings"
      },
      "scripts": {
        "parent_setup": "variable.leg_layer_visible \u003d 0.0;"
      },
      "render_controllers": [
        "controller.render.armor"
      ]
    }
  }
}