{
  "format_version": "1.10.0",
  "minecraft:client_entity": {
    "description": {
      "identifier": "aerell:cow_tidur_mati",
      "materials": {
        "default": "cow"
      },
      "textures": {
        "default": "textures/entity/gore/cow_mati",
        "abuabu": "textures/entity/gore/sapi_abuabu_mati",
        "coklat": "textures/entity/gore/sapi_coklat_mati",
        "putih": "textures/entity/gore/sapi_putih_mati",
        "stepe": "textures/entity/gore/sapi_stepe_mati",
        "moend": "textures/entity/gore/sapi_moend_mati"
      },
      "geometry": {
        "default": "geometry.cow_tidur_mati"
      },
      "animations": {
        "setup": "animation.cow.setup.v1.0",
        "walk": "animation.quadruped.walk",
        "look_at_target": "animation.common.look_at_target",
        "baby_transform": "animation.cow.baby_transform"
      },
      "scripts": {
        "animate": [
          "setup",
          { "walk": "query.modified_move_speed" },
          "look_at_target",
          { "baby_transform": "query.is_baby" }
        ]
      },
      "render_controllers": [
        "controller.render.cow"
      ],
      "spawn_egg": {
        "texture": "spawn_egg",
        "texture_index": 1
      }
    }
  }
}