{
  "format_version": "1.8.0",
  "minecraft:client_entity": {
    "description": {
      "identifier": "minecraft:iron_golem",
      "materials": { "default": "iron_golem" },
      "textures": {
        "default": "textures/entity/iron_golem/iron_golem_lebaran",
        "cracked_high": "textures/entity/iron_golem/cracked_high",
        "cracked_med": "textures/entity/iron_golem/cracked_medium",
        "cracked_low": "textures/entity/iron_golem/cracked_low",
        "cracked_none": "textures/entity/iron_golem/cracked_none"
      },
      "geometry": {
        "default": "geometry.irongolemramadhan"
      },
      "animations": {
        "walk": "animation.iron_golem.walk",
        "move": "animation.iron_golem.move",
        "attack": "animation.iron_golem.attack",
        "flower": "animation.iron_golem.flower",
        "look_at_target": "animation.common.look_at_target"
      },
      "animation_controllers": [
        { "move": "controller.animation.iron_golem.move" },
        { "arm": "controller.animation.iron_golem.arm_movement"}
      ],
      "render_controllers": [ "controller.render.iron_golem", "controller.render.iron_golem_cracks" ]
    }
  }
}