{
  "format_version": "1.8.0",
  "minecraft:client_entity": {
    "description": {
      "identifier": "aerell:pht",
      "materials": {
        "default": "villager_v2"
      },
      "textures": {
        "pht_default": "textures/entity/pht/pht_default",
        "pht_domba": "textures/entity/pht/pht_domba",
        "pht_kambing": "textures/entity/pht/pht_kambing",
        "pht_sapi_abuabu": "textures/entity/pht/pht_sapi_abuabu",
        "pht_sapi_biasa": "textures/entity/pht/pht_sapi_biasa",
        "pht_sapi_coklat": "textures/entity/pht/pht_sapi_coklat",
        "pht_sapi_moend": "textures/entity/pht/pht_sapi_moend",
        "pht_sapi_putih": "textures/entity/pht/pht_sapi_putih",
        "pht_sapi_stepe": "textures/entity/pht/pht_sapi_stepe",

        "pht_domba_stroke": "textures/entity/pht_stroke/pht_domba_stroke",
        "pht_kambing_stroke": "textures/entity/pht_stroke/pht_kambing_stroke",
        "pht_sapi_abuabu_stroke": "textures/entity/pht_stroke/pht_sapi_abuabu_stroke",
        "pht_sapi_biasa_stroke": "textures/entity/pht_stroke/pht_sapi_biasa_stroke",
        "pht_sapi_coklat_stroke": "textures/entity/pht_stroke/pht_sapi_coklat_stroke",
        "pht_sapi_moend_stroke": "textures/entity/pht_stroke/pht_sapi_moend_stroke",
        "pht_sapi_putih_stroke": "textures/entity/pht_stroke/pht_sapi_putih_stroke",
        "pht_sapi_stepe_stroke": "textures/entity/pht_stroke/pht_sapi_stepe_stroke"
      },
      "geometry": {
        "default": "geometry.pht"
      },
      "scripts": {
        "scale": "0.9375"
      },
      "animations": {
        "general": "animation.villager.general",
        "look_at_target": "animation.common.look_at_target",
        "move": "animation.villager.move",
        "raise_arms": "animation.villager.raise_arms",
        "baby_transform": "animation.villager.baby_transform",
        "get_in_bed": "animation.villager.get_in_bed"
      },
      "animation_controllers": [
        { "general": "controller.animation.villager_v2.general" },
        { "move": "controller.animation.villager_v2.move" },
        { "raise_arms": "controller.animation.villager_v2.raise_arms" }
      ],
      "render_controllers": [
        "controller.render.pht"
      ],
      "spawn_egg": {
        "texture": "spawn_egg",
        "texture_index": 14
      }
    }
  }
}