{
	"format_version": "1.10.0",
	"particle_effect": {
		"description": {
			"identifier": "aerell:keran_air",
			"basic_render_parameters": {
				"material": "particles_blend",
				"texture": "textures/particle/particles"
			}
		},
		"components": {
			"minecraft:emitter_rate_instant": {
				"num_particles": "math.random(20, 35)"
			},
			"minecraft:emitter_lifetime_once": {
				"active_time": 0.05
			},
			"minecraft:emitter_shape_point": {
				"direction": ["math.random(-0.05, 0.05)", "-math.random(0.5, 1)", "math.random(-0.05, 0.05)"]
			},
			"minecraft:particle_lifetime_expression": {
				"max_lifetime": "Math.random(0.6, 2.0)"
			},
			"minecraft:particle_initial_speed": "math.random(5, 10)",
			"minecraft:particle_motion_dynamic": {
				"linear_acceleration": [0, -14, 0]
			},
			"minecraft:particle_appearance_billboard": {
				"size": ["(0.1 + variable.particle_random_1*0.1) - (0.1 * variable.particle_age)", "(0.1 + variable.particle_random_1*0.1) - (0.1 * variable.particle_age)"],
				"facing_camera_mode": "lookat_xyz",
				"uv": {
					"texture_width": 128,
					"texture_height": 128,
					"uv": [8, 56],
					"uv_size": [8, 8]
				}
			},
			"minecraft:particle_motion_collision": {
				"collision_radius": 0.01,
				"expire_on_contact": true
			},
			"minecraft:particle_appearance_lighting": {},
			"minecraft:particle_appearance_tinting": {
				"color": [0.2, 0.30196, 1, 0.6]
			}
		}
	}
}