{
   "entity_sounds" : {
      "entities" : {
         "aerell:pht" : {
            "events" : {
               "ambient" : "mob.villager.idle",
               "death" : "mob.villager.death",
               "death.to.zombie" : "mob.villager.death",
               "haggle" : "mob.villager.haggle",
               "haggle.no" : "mob.villager.no",
               "haggle.yes" : "mob.villager.yes",
               "hurt" : "mob.villager.hit"
            },
            "pitch" : [ 0.80, 1.20 ],
            "volume" : 1.0
         }
      }
   }
}
