{
  "format_version": "1.8.0",
  "render_controllers": {
    "controller.render.mercon_spritus": {
      "geometry": "Geometry.mercon_spritus",
      "materials": [
        {
          "*": "Material.default"
        }
      ],
      "textures": [
        "Texture.mercon_spritus"
      ],
      "is_hurt_color": {
        "r": 0.0,
        "g": 0.0,
        "b": 0.0,
        "a": 0.0
      },
      "on_fire_color": {
        "r": 0.0,
        "g": 0.0,
        "b": 0.0,
        "a": 0.0
      }
    }
  }
}