{
  "format_version": "1.8.0",
  "render_controllers": {
    "controller.render.pht": {
      "arrays": {
        "textures": {
          "Array.variants": [
            "Texture.pht_default",
            "Texture.pht_domba",
            "Texture.pht_kambing",
            "Texture.pht_sapi_abuabu",
            "Texture.pht_sapi_biasa",
            "Texture.pht_sapi_coklat",
            "Texture.pht_sapi_moend",
            "Texture.pht_sapi_putih",
            "Texture.pht_sapi_stepe",

            "Texture.pht_domba_stroke",
            "Texture.pht_kambing_stroke",
            "Texture.pht_sapi_abuabu_stroke",
            "Texture.pht_sapi_biasa_stroke",
            "Texture.pht_sapi_coklat_stroke",
            "Texture.pht_sapi_moend_stroke",
            "Texture.pht_sapi_putih_stroke",
            "Texture.pht_sapi_stepe_stroke"
          ]
        }
      },
      "geometry": "Geometry.default",
      "materials": [ { "*": "Material.default" } ],
      "textures": [ "Array.variants[query.variant]" ]
    }
  }
}