{
	"format_version": "1.8.0",
	"animations": {
		"animation.pak_ustad.bedug": {
			"animation_length": 3.33333,
			"bones": {
				"body": {
					"rotation": {
						"0.0": {
							"post": [0, 0, 0],
							"lerp_mode": "catmullrom"
						},
						"0.1667": {
							"post": [0, 17.5, 0],
							"lerp_mode": "catmullrom"
						},
						"0.2917": {
							"post": [0, -5, 0],
							"lerp_mode": "catmullrom"
						},
						"0.5": {
							"post": [0, 0, 0],
							"lerp_mode": "catmullrom"
						},
						"0.6667": {
							"post": [0, 17.5, 0],
							"lerp_mode": "catmullrom"
						},
						"0.7917": {
							"post": [0, -5, 0],
							"lerp_mode": "catmullrom"
						},
						"1.0417": {
							"post": [0, 0, 0],
							"lerp_mode": "catmullrom"
						},
						"1.2083": {
							"post": [0, 17.5, 0],
							"lerp_mode": "catmullrom"
						},
						"1.3333": {
							"post": [0, -5, 0],
							"lerp_mode": "catmullrom"
						},
						"1.5833": {
							"post": [0, 0, 0],
							"lerp_mode": "catmullrom"
						},
						"1.75": {
							"post": [0, 17.5, 0],
							"lerp_mode": "catmullrom"
						},
						"1.875": {
							"post": [0, -5, 0],
							"lerp_mode": "catmullrom"
						},
						"2.0833": {
							"post": [0, 0, 0],
							"lerp_mode": "catmullrom"
						},
						"2.25": {
							"post": [0, 17.5, 0],
							"lerp_mode": "catmullrom"
						},
						"2.375": {
							"post": [0, -5, 0],
							"lerp_mode": "catmullrom"
						},
						"2.5417": {
							"post": [0, 0, 0],
							"lerp_mode": "catmullrom"
						},
						"2.7083": {
							"post": [0, 17.5, 0],
							"lerp_mode": "catmullrom"
						},
						"2.8333": {
							"post": [0, -5, 0],
							"lerp_mode": "catmullrom"
						},
						"3.0417": {
							"post": [0, 0, 0],
							"lerp_mode": "catmullrom"
						},
						"3.2083": {
							"post": [0, 17.5, 0],
							"lerp_mode": "catmullrom"
						},
						"3.3333": {
							"post": [0, -5, 0],
							"lerp_mode": "catmullrom"
						}
					}
				},
				"rightArm": {
					"rotation": {
						"0.0": {
							"post": [0, 0, 0],
							"lerp_mode": "catmullrom"
						},
						"0.1667": {
							"post": [-151.05573, 15.81499, -7.59001],
							"lerp_mode": "catmullrom"
						},
						"0.2917": {
							"post": [-72.80116, -22.02142, -27.10334],
							"lerp_mode": "catmullrom"
						},
						"0.5": {
							"post": [0, 0, 0],
							"lerp_mode": "catmullrom"
						},
						"0.6667": {
							"post": [-151.05573, 15.81499, -7.59001],
							"lerp_mode": "catmullrom"
						},
						"0.7917": {
							"post": [-72.80116, -22.02142, -27.10334],
							"lerp_mode": "catmullrom"
						},
						"1.0417": {
							"post": [0, 0, 0],
							"lerp_mode": "catmullrom"
						},
						"1.2083": {
							"post": [-151.05573, 15.81499, -7.59001],
							"lerp_mode": "catmullrom"
						},
						"1.3333": {
							"post": [-72.80116, -22.02142, -27.10334],
							"lerp_mode": "catmullrom"
						},
						"1.5833": {
							"post": [0, 0, 0],
							"lerp_mode": "catmullrom"
						},
						"1.75": {
							"post": [-151.05573, 15.81499, -7.59001],
							"lerp_mode": "catmullrom"
						},
						"1.875": {
							"post": [-72.80116, -22.02142, -27.10334],
							"lerp_mode": "catmullrom"
						},
						"2.0833": {
							"post": [0, 0, 0],
							"lerp_mode": "catmullrom"
						},
						"2.25": {
							"post": [-151.05573, 15.81499, -7.59001],
							"lerp_mode": "catmullrom"
						},
						"2.375": {
							"post": [-72.80116, -22.02142, -27.10334],
							"lerp_mode": "catmullrom"
						},
						"2.5417": {
							"post": [0, 0, 0],
							"lerp_mode": "catmullrom"
						},
						"2.7083": {
							"post": [-151.05573, 15.81499, -7.59001],
							"lerp_mode": "catmullrom"
						},
						"2.8333": {
							"post": [-72.80116, -22.02142, -27.10334],
							"lerp_mode": "catmullrom"
						},
						"3.0417": {
							"post": [0, 0, 0],
							"lerp_mode": "catmullrom"
						},
						"3.2083": {
							"post": [-151.05573, 15.81499, -7.59001],
							"lerp_mode": "catmullrom"
						},
						"3.3333": {
							"post": [-72.80116, -22.02142, -27.10334],
							"lerp_mode": "catmullrom"
						}
					}
				}
			},
			"sound_effects": {
				"0.2917": {
					"effect": "bedug"
				},
				"0.7917": {
					"effect": "bedug"
				},
				"1.3333": {
					"effect": "bedug"
				},
				"1.875": {
					"effect": "bedug"
				},
				"2.375": {
					"effect": "bedug"
				},
				"2.8333": {
					"effect": "bedug"
				},
				"3.3333": {
					"effect": "bedug"
				}
			}
		},
		"animation.pak_ustad.adzan": {
			"animation_length": 206,
			"bones": {
				"body": {
					"rotation": {
						"0.0": {
							"post": [0, 0, 0],
							"lerp_mode": "catmullrom"
						},
						"0.1667": {
							"post": [2.5, 0, 0],
							"lerp_mode": "catmullrom"
						},
						"0.375": {
							"post": [0, 0, 0],
							"lerp_mode": "catmullrom"
						},
						"205.7917": {
							"post": [0, 0, 0],
							"lerp_mode": "catmullrom"
						},
						"206.0": {
							"post": [0, 0, 0],
							"lerp_mode": "catmullrom"
						}
					}
				},
				"head": {
					"rotation": {
						"0.0": [0, 0, 0],
						"0.125": [15, 0, 0],
						"0.375": [2.5, 0, 0],
						"205.7917": [2.5, 0, 0],
						"206.0": [0, 0, 0]
					}
				},
				"rightArm": {
					"rotation": {
						"0.0": {
							"post": [0, 0, 0],
							"lerp_mode": "catmullrom"
						},
						"0.1667": {
							"post": [-7.5, 0, 0],
							"lerp_mode": "catmullrom"
						},
						"0.375": {
							"post": [-157.5, 0, 0],
							"lerp_mode": "catmullrom"
						},
						"205.7917": {
							"post": [-157.5, 0, 0],
							"lerp_mode": "catmullrom"
						},
						"206.0": {
							"post": [0, 0, 0],
							"lerp_mode": "catmullrom"
						}
					}
				}
			},
			"sound_effects": {
				"0.375": {
					"effect": "adzan"
				}
			}
		},
		"animation.pak_ustad.adzan_subuh": {
			"animation_length": 203,
			"bones": {
				"body": {
					"rotation": {
						"0.0": {
							"post": [0, 0, 0],
							"lerp_mode": "catmullrom"
						},
						"0.1667": {
							"post": [2.5, 0, 0],
							"lerp_mode": "catmullrom"
						},
						"0.375": {
							"post": [0, 0, 0],
							"lerp_mode": "catmullrom"
						},
						"202.7917": {
							"post": [0, 0, 0],
							"lerp_mode": "catmullrom"
						},
						"203.0": {
							"post": [0, 0, 0],
							"lerp_mode": "catmullrom"
						}
					}
				},
				"head": {
					"rotation": {
						"0.0": [0, 0, 0],
						"0.125": [15, 0, 0],
						"0.375": [2.5, 0, 0],
						"202.7917": [2.5, 0, 0],
						"203.0": [0, 0, 0]
					}
				},
				"rightArm": {
					"rotation": {
						"0.0": {
							"post": [0, 0, 0],
							"lerp_mode": "catmullrom"
						},
						"0.1667": {
							"post": [-7.5, 0, 0],
							"lerp_mode": "catmullrom"
						},
						"0.375": {
							"post": [-157.5, 0, 0],
							"lerp_mode": "catmullrom"
						},
						"202.7917": {
							"post": [-157.5, 0, 0],
							"lerp_mode": "catmullrom"
						},
						"203.0": {
							"post": [0, 0, 0],
							"lerp_mode": "catmullrom"
						}
					}
				}
			},
			"sound_effects": {
				"0.375": {
					"effect": "adzan_subuh"
				}
			}
		},
		"animation.pak_ustad.takbiran": {
			"animation_length": 196,
			"bones": {
				"root": {
					"rotation": [0, 0, 0]
				}
			},
			"sound_effects": {
				"0.0": {
					"effect": "takbiran"
				}
			}
		}
	}
}