{
	"format_version": "1.8.0",
	"animations": {
		"animation.player.sholat.subuh": {
			"animation_length": 25.375,
			"bones": {
				"root": {
					"rotation": {
						"0.0": [0, 0, 0],
						"5.5833": [0, 0, 0],
						"6.0833": [75, 0, 0],
						"7.0417": [75, 0, 0],
						"7.5": [10.67568, 0, 0],
						"8.2083": [10.68, 0, 0],
						"8.7917": [75, 0, 0],
						"9.4167": [75, 0, 0],
						"10.0833": [0, 0, 0],
						"10.5833": [0, 0, 0],
						"16.1667": [0, 0, 0],
						"16.4583": [0, 0, 0],
						"17.125": [0, 0, 0],
						"17.5417": [0, 0, 0],
						"18.0833": [75, 0, 0],
						"19.0417": [75, 0, 0],
						"19.5": [10.67568, 0, 0],
						"20.2083": [10.68, 0, 0],
						"20.7917": [75, 0, 0],
						"21.4167": [75, 0, 0],
						"21.9583": [10.68, 0, 0],
						"22.5417": [10.68, 0, 0],
						"24.7917": [10.68, 0, 0],
						"25.375": [0, 0, 0]
					},
					"position": {
						"0.0": [0, 0, 0],
						"5.5833": [0, 0, 0],
						"6.0833": [0, 0, 5],
						"7.0417": [0, 0, 5],
						"7.5": [0, -10, 3.38],
						"8.2083": [0, -10, 3.38],
						"8.7917": [0, 0, 5],
						"9.4167": [0, 0, 5],
						"10.0833": [0, 0, 0],
						"10.5833": [0, 0, 0],
						"16.1667": [0, 0, 0],
						"16.4583": [0, 0, 0],
						"17.125": [0, 0, 0],
						"17.5417": [0, 0, 0],
						"18.0833": [0, 0, 5],
						"19.0417": [0, 0, 5],
						"19.5": [0, -10, 3.38],
						"20.2083": [0, -10, 3.38],
						"20.7917": [0, 0, 5],
						"21.4167": [0, 0, 5],
						"21.9583": [0, -10, 3.38],
						"22.5417": [0, -10, 3.38],
						"24.7917": [0, -10, 3.38],
						"25.375": [0, 0, 0]
					}
				},
				"body": {
					"rotation": {
						"0.0": [0, 0, 0],
						"2.5833": [0, 0, 0],
						"3.0833": [80, 0, 0],
						"3.75": [80, 0, 0],
						"4.3333": [0, 0, 0],
						"5.5833": [0, 0, 0],
						"7.0417": [0, 0, 0],
						"7.5": [0, 0, 0],
						"8.2083": [0, 0, 0],
						"8.7917": [0, 0, 0],
						"9.4167": [0, 0, 0],
						"10.0833": [0, 0, 0],
						"10.5833": [0, 0, 0],
						"13.1667": [0, 0, 0],
						"13.6667": [80, 0, 0],
						"14.3333": [80, 0, 0],
						"14.9167": [0, 0, 0],
						"16.1667": [0, 0, 0],
						"16.4583": [0, 0, 0],
						"17.125": [0, 0, 0],
						"17.5417": [0, 0, 0],
						"19.0417": [0, 0, 0],
						"19.5": [0, 0, 0],
						"20.2083": [0, 0, 0],
						"20.7917": [0, 0, 0],
						"21.4167": [0, 0, 0],
						"21.9583": [0, 0, 0],
						"22.5417": [0, 0, 0],
						"24.7917": [0, 0, 0],
						"25.375": [0, 0, 0]
					},
					"position": {
						"0.0": [0, 0, 0],
						"2.5833": [0, 0, 0],
						"3.0833": [0, -10, -10],
						"3.75": [0, -10, -10],
						"4.3333": [0, 0, 0],
						"5.5833": [0, 0, 0],
						"7.0417": [0, 0, 0],
						"7.5": [0, 0, 0],
						"8.2083": [0, 0, 0],
						"8.7917": [0, 0, 0],
						"9.4167": [0, 0, 0],
						"10.0833": [0, 0, 0],
						"10.5833": [0, 0, 0],
						"13.1667": [0, 0, 0],
						"13.6667": [0, -10, -10],
						"14.3333": [0, -10, -10],
						"14.9167": [0, 0, 0],
						"16.1667": [0, 0, 0],
						"16.4583": [0, 0, 0],
						"17.125": [0, 0, 0],
						"17.5417": [0, 0, 0],
						"19.0417": [0, 0, 0],
						"19.5": [0, 0, 0],
						"20.2083": [0, 0, 0],
						"20.7917": [0, 0, 0],
						"21.4167": [0, 0, 0],
						"21.9583": [0, 0, 0],
						"22.5417": [0, 0, 0],
						"24.7917": [0, 0, 0],
						"25.375": [0, 0, 0]
					}
				},
				"head": {
					"rotation": {
						"0.0": [25, 0, 0],
						"2.7917": [25, 0, 0],
						"3.0833": [10, 0, 0],
						"4.3333": [10, 0, 0],
						"4.75": [17.5, 0, 0],
						"5.5833": [17.5, 0, 0],
						"6.0833": [102.5, 0, 0],
						"7.0417": [102.5, 0, 0],
						"7.5": [13.58108, 0, 0],
						"8.2083": [13.58, 0, 0],
						"8.7917": [102.5, 0, 0],
						"9.4167": [102.5, 0, 0],
						"10.0833": [25, 0, 0],
						"10.5833": [25, 0, 0],
						"13.375": [25, 0, 0],
						"13.6667": [10, 0, 0],
						"14.9167": [10, 0, 0],
						"15.3333": [17.5, 0, 0],
						"16.1667": [17.5, 0, 0],
						"16.4583": [17.5, 0, 0],
						"17.125": [17.5, 0, 0],
						"17.5417": [17.5, 0, 0],
						"18.0833": [102.5, 0, 0],
						"19.0417": [102.5, 0, 0],
						"19.5": [13.58108, 0, 0],
						"20.2083": [13.58, 0, 0],
						"20.7917": [102.5, 0, 0],
						"21.4167": [102.5, 0, 0],
						"21.9583": [13.58, 0, 0],
						"22.5417": [13.58, 0, 0],
						"22.875": [22.83791, -52.77358, -18.53801],
						"23.2083": [22.84, -52.77, -18.54],
						"23.5833": [13.59483, 2.43303, 0.58714],
						"23.7917": [13.59, 2.43, 0.59],
						"24.1667": [18.85745, 43.42025, 13.21431],
						"24.4583": [18.86, 43.42, 13.21],
						"24.7917": [18.86, 43.42, 13.21],
						"25.375": [25, 0, 0]
					},
					"position": {
						"0.0": [0, 0, 0],
						"5.5833": [0, 0, 0],
						"7.0417": [0, 0, 0],
						"7.5": [0, 0, 0],
						"8.2083": [0, 0, 0],
						"8.7917": [0, 0, 0],
						"9.4167": [0, 0, 0],
						"10.0833": [0, 0, 0],
						"10.5833": [0, 0, 0],
						"16.1667": [0, 0, 0],
						"16.4583": [0, 0, 0],
						"17.125": [0, 0, 0],
						"17.5417": [0, 0, 0],
						"19.0417": [0, 0, 0],
						"19.5": [0, 0, 0],
						"20.2083": [0, 0, 0],
						"20.7917": [0, 0, 0],
						"21.4167": [0, 0, 0],
						"21.9583": [0, 0, 0],
						"22.5417": [0, 0, 0],
						"24.7917": [0, 0, 0],
						"25.375": [0, 0, 0]
					}
				},
				"leftArm": {
					"rotation": {
						"0.0": [0, 0, 0],
						"0.625": [-125, 0, 0],
						"0.7083": [-125, 0, 0],
						"1.2083": [-70, 70, 0],
						"2.0": [-70, 70, 0],
						"2.5": [-125, 0, 0],
						"2.5833": [-125, 0, 0],
						"3.0833": [-41.81615, 8.40819, 9.28293],
						"3.75": [-41.82, 8.41, 9.28],
						"4.3333": [-125, 0, 0],
						"4.625": [-125, 0, 0],
						"5.0": [0, 0, 0],
						"5.5833": [0, 0, 0],
						"6.0833": [-102.5, 0, 0],
						"7.0417": [-102.5, 0, 0],
						"7.5": [-25.66629, 5.48486, 11.24963],
						"8.2083": [-25.67, 5.48, 11.25],
						"8.7917": [-102.5, 0, 0],
						"9.4167": [-102.5, 0, 0],
						"10.0833": [0, 0, 0],
						"10.5833": [0, 0, 0],
						"11.2083": [-125, 0, 0],
						"11.2917": [-125, 0, 0],
						"11.7917": [-70, 70, 0],
						"12.5833": [-70, 70, 0],
						"13.0833": [-125, 0, 0],
						"13.1667": [-125, 0, 0],
						"13.6667": [-41.81615, 8.40819, 9.28293],
						"14.3333": [-41.82, 8.41, 9.28],
						"14.9167": [-125, 0, 0],
						"15.2083": [-125, 0, 0],
						"15.5833": [0, 0, 0],
						"16.1667": [0, 0, 0],
						"16.4583": [-37.5, 0, 0],
						"17.125": [-37.5, 0, 0],
						"17.5417": [0, 0, 0],
						"18.0833": [-102.5, 0, 0],
						"19.0417": [-102.5, 0, 0],
						"19.5": [-25.66629, 5.48486, 11.24963],
						"20.2083": [-25.67, 5.48, 11.25],
						"20.7917": [-102.5, 0, 0],
						"21.4167": [-102.5, 0, 0],
						"21.9583": [-25.67, 5.48, 11.25],
						"22.5417": [-25.67, 5.48, 11.25],
						"24.7917": [-25.67, 5.48, 11.25],
						"25.375": [0, 0, 0]
					},
					"position": {
						"0.0": [0, 0, 0],
						"0.625": [0, 0, 0],
						"0.7083": [0, 0, 0],
						"3.75": [0, 0, 0],
						"5.5833": [0, 0, 0],
						"7.0417": [0, 0, 0],
						"7.5": [0, 0, 0],
						"8.2083": [0, 0, 0],
						"8.7917": [0, 0, 0],
						"9.4167": [0, 0, 0],
						"10.0833": [0, 0, 0],
						"10.5833": [0, 0, 0],
						"11.2083": [0, 0, 0],
						"11.2917": [0, 0, 0],
						"14.3333": [0, 0, 0],
						"16.1667": [0, 0, 0],
						"16.4583": [0, 0, 0],
						"17.125": [0, 0, 0],
						"17.5417": [0, 0, 0],
						"19.0417": [0, 0, 0],
						"19.5": [0, 0, 0],
						"20.2083": [0, 0, 0],
						"20.7917": [0, 0, 0],
						"21.4167": [0, 0, 0],
						"21.9583": [0, 0, 0],
						"22.5417": [0, 0, 0],
						"24.7917": [0, 0, 0],
						"25.375": [0, 0, 0]
					}
				},
				"rightArm": {
					"rotation": {
						"0.0": [0, 0, 0],
						"0.625": [-125, 0, 0],
						"0.7083": [-125, 0, 0],
						"1.2083": [-85.99506, -82.09657, 18.33118],
						"2.0": [-86, -82.1, 18.33],
						"2.5": [-125, 0, 0],
						"2.5833": [-125, 0, 0],
						"3.0833": [-39.56869, -6.40865, -7.69263],
						"3.75": [-39.57, -6.41, -7.69],
						"4.3333": [-125, 0, 0],
						"4.625": [-125, 0, 0],
						"5.0": [0, 0, 0],
						"5.5833": [0, 0, 0],
						"6.0833": [-102.5, 0, 0],
						"7.0417": [-102.5, 0, 0],
						"7.5": [-30.3061, -5.08468, -8.62216],
						"8.2083": [-30.31, -5.08, -8.62],
						"8.7917": [-102.5, 0, 0],
						"9.4167": [-102.5, 0, 0],
						"10.0833": [0, 0, 0],
						"10.5833": [0, 0, 0],
						"11.2083": [-125, 0, 0],
						"11.2917": [-125, 0, 0],
						"11.7917": [-85.99506, -82.09657, 18.33118],
						"12.5833": [-86, -82.1, 18.33],
						"13.0833": [-125, 0, 0],
						"13.1667": [-125, 0, 0],
						"13.6667": [-39.56869, -6.40865, -7.69263],
						"14.3333": [-39.57, -6.41, -7.69],
						"14.9167": [-125, 0, 0],
						"15.2083": [-125, 0, 0],
						"15.5833": [0, 0, 0],
						"16.1667": [0, 0, 0],
						"16.4583": [-37.5, 0, 0],
						"17.125": [-37.5, 0, 0],
						"17.5417": [0, 0, 0],
						"18.0833": [-102.5, 0, 0],
						"19.0417": [-102.5, 0, 0],
						"19.5": [-30.3061, -5.08468, -8.62216],
						"20.2083": [-30.31, -5.08, -8.62],
						"20.7917": [-102.5, 0, 0],
						"21.4167": [-102.5, 0, 0],
						"21.9583": [-30.31, -5.08, -8.62],
						"22.5417": [-30.31, -5.08, -8.62],
						"24.7917": [-30.31, -5.08, -8.62],
						"25.375": [0, 0, 0]
					},
					"position": {
						"0.0": [0, 0, 0],
						"0.625": [0, 0, 0],
						"0.7083": [0, 0, 0],
						"3.75": [0, 0, 0],
						"5.5833": [0, 0, 0],
						"7.0417": [0, 0, 0],
						"7.5": [0, 0, 0],
						"8.2083": [0, 0, 0],
						"8.7917": [0, 0, 0],
						"9.4167": [0, 0, 0],
						"10.0833": [0, 0, 0],
						"10.5833": [0, 0, 0],
						"11.2083": [0, 0, 0],
						"11.2917": [0, 0, 0],
						"14.3333": [0, 0, 0],
						"16.1667": [0, 0, 0],
						"16.4583": [0, 0, 0],
						"17.125": [0, 0, 0],
						"17.5417": [0, 0, 0],
						"19.0417": [0, 0, 0],
						"19.5": [0, 0, 0],
						"20.2083": [0, 0, 0],
						"20.7917": [0, 0, 0],
						"21.4167": [0, 0, 0],
						"21.9583": [0, 0, 0],
						"22.5417": [0, 0, 0],
						"24.7917": [0, 0, 0],
						"25.375": [0, 0, 0]
					}
				},
				"leftLeg": {
					"rotation": {
						"0.0": [0, 0, 0],
						"5.5833": [0, 0, 0],
						"6.0833": [-17.5, 0, 0],
						"7.0417": [-17.5, 0, 0],
						"7.5": [-66.82432, 0, 0],
						"8.2083": [-66.82, 0, 0],
						"8.7917": [-17.5, 0, 0],
						"9.4167": [-17.5, 0, 0],
						"10.0833": [0, 0, 0],
						"10.5833": [0, 0, 0],
						"16.1667": [0, 0, 0],
						"16.4583": [0, 0, 0],
						"17.125": [0, 0, 0],
						"17.5417": [0, 0, 0],
						"18.0833": [-17.5, 0, 0],
						"19.0417": [-17.5, 0, 0],
						"19.5": [-66.82432, 0, 0],
						"20.2083": [-66.82, 0, 0],
						"20.7917": [-17.5, 0, 0],
						"21.4167": [-17.5, 0, 0],
						"21.9583": [-66.82, 0, 0],
						"22.5417": [-66.82, 0, 0],
						"24.7917": [-66.82, 0, 0],
						"25.375": [0, 0, 0]
					},
					"position": {
						"0.0": [0, 0, 0],
						"5.5833": [0, 0, 0],
						"7.0417": [0, 0, 0],
						"7.5": [0, 0, 0],
						"8.2083": [0, 0, 0],
						"8.7917": [0, 0, 0],
						"9.4167": [0, 0, 0],
						"10.0833": [0, 0, 0],
						"10.5833": [0, 0, 0],
						"16.1667": [0, 0, 0],
						"16.4583": [0, 0, 0],
						"17.125": [0, 0, 0],
						"17.5417": [0, 0, 0],
						"19.0417": [0, 0, 0],
						"19.5": [0, 0, 0],
						"20.2083": [0, 0, 0],
						"20.7917": [0, 0, 0],
						"21.4167": [0, 0, 0],
						"21.9583": [0, 0, 0],
						"22.5417": [0, 0, 0],
						"24.7917": [0, 0, 0],
						"25.375": [0, 0, 0]
					}
				},
				"rightLeg": {
					"rotation": {
						"0.0": [0, 0, 0],
						"5.5833": [0, 0, 0],
						"6.0833": [-17.5, 0, 0],
						"7.0417": [-17.5, 0, 0],
						"7.5": [-64.32432, 0, 0],
						"8.2083": [-64.32, 0, 0],
						"8.7917": [-17.5, 0, 0],
						"9.4167": [-17.5, 0, 0],
						"10.0833": [0, 0, 0],
						"10.5833": [0, 0, 0],
						"16.1667": [0, 0, 0],
						"16.4583": [0, 0, 0],
						"17.125": [0, 0, 0],
						"17.5417": [0, 0, 0],
						"18.0833": [-17.5, 0, 0],
						"18.7083": [-17.5, 0, 0],
						"19.0417": [-19.05405, 0, 0],
						"19.5": [-64.32432, 0, 0],
						"20.2083": [-64.32, 0, 0],
						"20.7917": [-17.5, 0, 0],
						"21.4167": [-17.5, 0, 0],
						"21.9583": [-64.32, 0, 0],
						"22.5417": [-64.32, 0, 0],
						"24.7917": [-64.32, 0, 0],
						"25.375": [0, 0, 0]
					},
					"position": {
						"0.0": [0, 0, 0],
						"5.5833": [0, 0, 0],
						"7.0417": [0, 0, 0],
						"7.5": [0, 0, 0],
						"8.2083": [0, 0, 0],
						"8.7917": [0, 0, 0],
						"9.4167": [0, 0, 0],
						"10.0833": [0, 0, 0],
						"10.5833": [0, 0, 0],
						"16.1667": [0, 0, 0],
						"16.4583": [0, 0, 0],
						"17.125": [0, 0, 0],
						"17.5417": [0, 0, 0],
						"18.0833": [0, 0, 0],
						"18.7083": [0, 0, 0],
						"19.0417": [0, 0, 0],
						"19.5": [0, 0, 0],
						"20.2083": [0, 0, 0],
						"20.7917": [0, 0, 0],
						"21.4167": [0, 0, 0],
						"21.9583": [0, 0, 0],
						"22.5417": [0, 0, 0],
						"24.7917": [0, 0, 0],
						"25.375": [0, 0, 0]
					}
				}
			}
		},
		"animation.player.sholat.magrib": {
			"animation_length": 33.875,
			"bones": {
				"root": {
					"rotation": {
						"0.0": [0, 0, 0],
						"5.5833": [0, 0, 0],
						"6.0833": [75, 0, 0],
						"7.0417": [75, 0, 0],
						"7.5": [10.67568, 0, 0],
						"8.2083": [10.68, 0, 0],
						"8.7917": [75, 0, 0],
						"9.4167": [75, 0, 0],
						"10.0833": [0, 0, 0],
						"10.5833": [0, 0, 0],
						"15.875": [0, 0, 0],
						"16.4167": [75, 0, 0],
						"17.375": [75, 0, 0],
						"17.8333": [10.67568, 0, 0],
						"18.5417": [10.68, 0, 0],
						"19.125": [75, 0, 0],
						"19.75": [75, 0, 0],
						"20.2917": [10.68, 0, 0],
						"20.875": [10.68, 0, 0],
						"21.375": [0, 0, 0],
						"26.9583": [0, 0, 0],
						"27.4583": [75, 0, 0],
						"28.4167": [75, 0, 0],
						"28.875": [10.67568, 0, 0],
						"29.5833": [10.68, 0, 0],
						"30.1667": [75, 0, 0],
						"30.7917": [75, 0, 0],
						"31.375": [10.68, 0, 0],
						"33.2917": [10.68, 0, 0],
						"33.875": [0, 0, 0]
					},
					"position": {
						"0.0": [0, 0, 0],
						"5.5833": [0, 0, 0],
						"6.0833": [0, 0, 5],
						"7.0417": [0, 0, 5],
						"7.5": [0, -10, 3.38],
						"8.2083": [0, -10, 3.38],
						"8.7917": [0, 0, 5],
						"9.4167": [0, 0, 5],
						"10.0833": [0, 0, 0],
						"10.5833": [0, 0, 0],
						"15.875": [0, 0, 0],
						"16.4167": [0, 0, 5],
						"17.375": [0, 0, 5],
						"17.8333": [0, -10, 3.38],
						"18.5417": [0, -10, 3.38],
						"19.125": [0, 0, 5],
						"19.75": [0, 0, 5],
						"20.2917": [0, -10, 3.38],
						"20.875": [0, -10, 3.38],
						"21.375": [0, 0, 0],
						"26.9583": [0, 0, 0],
						"27.4583": [0, 0, 5],
						"28.4167": [0, 0, 5],
						"28.875": [0, -10, 3.38],
						"29.5833": [0, -10, 3.38],
						"30.1667": [0, 0, 5],
						"30.7917": [0, 0, 5],
						"31.375": [0, -10, 3.38],
						"33.2917": [0, -10, 3.38],
						"33.875": [0, 0, 0]
					}
				},
				"body": {
					"rotation": {
						"0.0": [0, 0, 0],
						"2.5833": [0, 0, 0],
						"3.0833": [80, 0, 0],
						"3.75": [80, 0, 0],
						"4.3333": [0, 0, 0],
						"5.5833": [0, 0, 0],
						"7.0417": [0, 0, 0],
						"7.5": [0, 0, 0],
						"8.2083": [0, 0, 0],
						"8.7917": [0, 0, 0],
						"9.4167": [0, 0, 0],
						"10.0833": [0, 0, 0],
						"10.5833": [0, 0, 0],
						"13.1667": [0, 0, 0],
						"13.6667": [80, 0, 0],
						"14.3333": [80, 0, 0],
						"14.9167": [0, 0, 0],
						"15.875": [0, 0, 0],
						"17.375": [0, 0, 0],
						"17.8333": [0, 0, 0],
						"18.5417": [0, 0, 0],
						"19.125": [0, 0, 0],
						"19.75": [0, 0, 0],
						"20.2917": [0, 0, 0],
						"20.875": [0, 0, 0],
						"21.375": [0, 0, 0],
						"23.9583": [0, 0, 0],
						"24.4583": [80, 0, 0],
						"25.125": [80, 0, 0],
						"25.7083": [0, 0, 0],
						"26.9583": [0, 0, 0],
						"28.4167": [0, 0, 0],
						"28.875": [0, 0, 0],
						"29.5833": [0, 0, 0],
						"30.1667": [0, 0, 0],
						"30.7917": [0, 0, 0],
						"31.375": [0, 0, 0],
						"33.2917": [0, 0, 0],
						"33.875": [0, 0, 0]
					},
					"position": {
						"0.0": [0, 0, 0],
						"2.5833": [0, 0, 0],
						"3.0833": [0, -10, -10],
						"3.75": [0, -10, -10],
						"4.3333": [0, 0, 0],
						"5.5833": [0, 0, 0],
						"7.0417": [0, 0, 0],
						"7.5": [0, 0, 0],
						"8.2083": [0, 0, 0],
						"8.7917": [0, 0, 0],
						"9.4167": [0, 0, 0],
						"10.0833": [0, 0, 0],
						"10.5833": [0, 0, 0],
						"13.1667": [0, 0, 0],
						"13.6667": [0, -10, -10],
						"14.3333": [0, -10, -10],
						"14.9167": [0, 0, 0],
						"15.875": [0, 0, 0],
						"17.375": [0, 0, 0],
						"17.8333": [0, 0, 0],
						"18.5417": [0, 0, 0],
						"19.125": [0, 0, 0],
						"19.75": [0, 0, 0],
						"20.2917": [0, 0, 0],
						"20.875": [0, 0, 0],
						"21.375": [0, 0, 0],
						"23.9583": [0, 0, 0],
						"24.4583": [0, -10, -10],
						"25.125": [0, -10, -10],
						"25.7083": [0, 0, 0],
						"26.9583": [0, 0, 0],
						"28.4167": [0, 0, 0],
						"28.875": [0, 0, 0],
						"29.5833": [0, 0, 0],
						"30.1667": [0, 0, 0],
						"30.7917": [0, 0, 0],
						"31.375": [0, 0, 0],
						"33.2917": [0, 0, 0],
						"33.875": [0, 0, 0]
					}
				},
				"head": {
					"rotation": {
						"0.0": [25, 0, 0],
						"2.7917": [25, 0, 0],
						"3.0833": [10, 0, 0],
						"4.3333": [10, 0, 0],
						"4.75": [17.5, 0, 0],
						"5.5833": [17.5, 0, 0],
						"6.0833": [102.5, 0, 0],
						"7.0417": [102.5, 0, 0],
						"7.5": [13.58108, 0, 0],
						"8.2083": [13.58, 0, 0],
						"8.7917": [102.5, 0, 0],
						"9.4167": [102.5, 0, 0],
						"10.0833": [25, 0, 0],
						"10.5833": [25, 0, 0],
						"13.375": [25, 0, 0],
						"13.6667": [10, 0, 0],
						"14.9167": [10, 0, 0],
						"15.3333": [17.5, 0, 0],
						"15.875": [17.5, 0, 0],
						"16.4167": [102.5, 0, 0],
						"17.375": [102.5, 0, 0],
						"17.8333": [13.58108, 0, 0],
						"18.5417": [13.58, 0, 0],
						"19.125": [102.5, 0, 0],
						"19.75": [102.5, 0, 0],
						"20.2917": [13.58, 0, 0],
						"20.875": [13.58, 0, 0],
						"21.375": [25, 0, 0],
						"24.1667": [25, 0, 0],
						"24.4583": [10, 0, 0],
						"25.7083": [10, 0, 0],
						"26.125": [17.5, 0, 0],
						"26.9583": [17.5, 0, 0],
						"27.4583": [102.5, 0, 0],
						"28.4167": [102.5, 0, 0],
						"28.875": [13.58108, 0, 0],
						"29.5833": [13.58, 0, 0],
						"30.1667": [102.5, 0, 0],
						"30.7917": [102.5, 0, 0],
						"31.375": [25.35391, -2.46738, 5.34813],
						"31.7083": [22.84, -52.77, -18.54],
						"32.0833": [13.59483, 2.43303, 0.58714],
						"32.2917": [13.59, 2.43, 0.59],
						"32.6667": [18.85745, 43.42025, 13.21431],
						"33.125": [13.62934, 4.85998, 1.17347],
						"33.875": [25, 0, 0]
					},
					"position": {
						"0.0": [0, 0, 0],
						"5.5833": [0, 0, 0],
						"7.0417": [0, 0, 0],
						"7.5": [0, 0, 0],
						"8.2083": [0, 0, 0],
						"8.7917": [0, 0, 0],
						"9.4167": [0, 0, 0],
						"10.0833": [0, 0, 0],
						"10.5833": [0, 0, 0],
						"15.875": [0, 0, 0],
						"17.375": [0, 0, 0],
						"17.8333": [0, 0, 0],
						"18.5417": [0, 0, 0],
						"19.125": [0, 0, 0],
						"19.75": [0, 0, 0],
						"20.2917": [0, 0, 0],
						"20.875": [0, 0, 0],
						"21.375": [0, 0, 0],
						"26.9583": [0, 0, 0],
						"28.4167": [0, 0, 0],
						"28.875": [0, 0, 0],
						"29.5833": [0, 0, 0],
						"30.1667": [0, 0, 0],
						"30.7917": [0, 0, 0],
						"33.2917": [0, 0, 0],
						"33.875": [0, 0, 0]
					}
				},
				"leftArm": {
					"rotation": {
						"0.0": [0, 0, 0],
						"0.625": [-125, 0, 0],
						"0.7083": [-125, 0, 0],
						"1.2083": [-70, 70, 0],
						"2.0": [-70, 70, 0],
						"2.5": [-125, 0, 0],
						"2.5833": [-125, 0, 0],
						"3.0833": [-41.81615, 8.40819, 9.28293],
						"3.75": [-41.82, 8.41, 9.28],
						"4.3333": [-125, 0, 0],
						"4.625": [-125, 0, 0],
						"5.0": [0, 0, 0],
						"5.5833": [0, 0, 0],
						"6.0833": [-102.5, 0, 0],
						"7.0417": [-102.5, 0, 0],
						"7.5": [-25.66629, 5.48486, 11.24963],
						"8.2083": [-25.67, 5.48, 11.25],
						"8.7917": [-102.5, 0, 0],
						"9.4167": [-102.5, 0, 0],
						"10.0833": [0, 0, 0],
						"10.5833": [0, 0, 0],
						"11.2083": [-125, 0, 0],
						"11.2917": [-125, 0, 0],
						"11.7917": [-70, 70, 0],
						"12.5833": [-70, 70, 0],
						"13.0833": [-125, 0, 0],
						"13.1667": [-125, 0, 0],
						"13.6667": [-41.81615, 8.40819, 9.28293],
						"14.3333": [-41.82, 8.41, 9.28],
						"14.9167": [-125, 0, 0],
						"15.2083": [-125, 0, 0],
						"15.5833": [0, 0, 0],
						"15.875": [0, 0, 0],
						"16.4167": [-102.5, 0, 0],
						"17.375": [-102.5, 0, 0],
						"17.8333": [-25.66629, 5.48486, 11.24963],
						"18.5417": [-25.67, 5.48, 11.25],
						"19.125": [-102.5, 0, 0],
						"19.75": [-102.5, 0, 0],
						"20.2917": [-25.67, 5.48, 11.25],
						"20.875": [-25.67, 5.48, 11.25],
						"21.375": [0, 0, 0],
						"22.0": [-125, 0, 0],
						"22.0833": [-125, 0, 0],
						"22.5833": [-70, 70, 0],
						"23.375": [-70, 70, 0],
						"23.875": [-125, 0, 0],
						"23.9583": [-125, 0, 0],
						"24.4583": [-41.81615, 8.40819, 9.28293],
						"25.125": [-41.82, 8.41, 9.28],
						"25.7083": [-125, 0, 0],
						"26.0": [-125, 0, 0],
						"26.375": [0, 0, 0],
						"26.9583": [0, 0, 0],
						"27.4583": [-102.5, 0, 0],
						"28.4167": [-102.5, 0, 0],
						"28.875": [-25.66629, 5.48486, 11.24963],
						"29.5833": [-25.67, 5.48, 11.25],
						"30.1667": [-102.5, 0, 0],
						"30.7917": [-102.5, 0, 0],
						"31.375": [-25.67, 5.48, 11.25],
						"33.2917": [-25.67, 5.48, 11.25],
						"33.875": [0, 0, 0]
					},
					"position": {
						"0.0": [0, 0, 0],
						"0.625": [0, 0, 0],
						"0.7083": [0, 0, 0],
						"3.75": [0, 0, 0],
						"5.5833": [0, 0, 0],
						"7.0417": [0, 0, 0],
						"7.5": [0, 0, 0],
						"8.2083": [0, 0, 0],
						"8.7917": [0, 0, 0],
						"9.4167": [0, 0, 0],
						"10.0833": [0, 0, 0],
						"10.5833": [0, 0, 0],
						"11.2083": [0, 0, 0],
						"11.2917": [0, 0, 0],
						"14.3333": [0, 0, 0],
						"15.875": [0, 0, 0],
						"17.375": [0, 0, 0],
						"17.8333": [0, 0, 0],
						"18.5417": [0, 0, 0],
						"19.125": [0, 0, 0],
						"19.75": [0, 0, 0],
						"20.2917": [0, 0, 0],
						"20.875": [0, 0, 0],
						"21.375": [0, 0, 0],
						"22.0": [0, 0, 0],
						"22.0833": [0, 0, 0],
						"25.125": [0, 0, 0],
						"26.9583": [0, 0, 0],
						"28.4167": [0, 0, 0],
						"28.875": [0, 0, 0],
						"29.5833": [0, 0, 0],
						"30.1667": [0, 0, 0],
						"30.7917": [0, 0, 0],
						"31.375": [0, 0, 0],
						"33.2917": [0, 0, 0],
						"33.875": [0, 0, 0]
					}
				},
				"rightArm": {
					"rotation": {
						"0.0": [0, 0, 0],
						"0.625": [-125, 0, 0],
						"0.7083": [-125, 0, 0],
						"1.2083": [-85.99506, -82.09657, 18.33118],
						"2.0": [-86, -82.1, 18.33],
						"2.5": [-125, 0, 0],
						"2.5833": [-125, 0, 0],
						"3.0833": [-39.56869, -6.40865, -7.69263],
						"3.75": [-39.57, -6.41, -7.69],
						"4.3333": [-125, 0, 0],
						"4.625": [-125, 0, 0],
						"5.0": [0, 0, 0],
						"5.5833": [0, 0, 0],
						"6.0833": [-102.5, 0, 0],
						"7.0417": [-102.5, 0, 0],
						"7.5": [-30.3061, -5.08468, -8.62216],
						"8.2083": [-30.31, -5.08, -8.62],
						"8.7917": [-102.5, 0, 0],
						"9.4167": [-102.5, 0, 0],
						"10.0833": [0, 0, 0],
						"10.5833": [0, 0, 0],
						"11.2083": [-125, 0, 0],
						"11.2917": [-125, 0, 0],
						"11.7917": [-85.99506, -82.09657, 18.33118],
						"12.5833": [-86, -82.1, 18.33],
						"13.0833": [-125, 0, 0],
						"13.1667": [-125, 0, 0],
						"13.6667": [-39.56869, -6.40865, -7.69263],
						"14.3333": [-39.57, -6.41, -7.69],
						"14.9167": [-125, 0, 0],
						"15.2083": [-125, 0, 0],
						"15.5833": [0, 0, 0],
						"15.875": [0, 0, 0],
						"16.4167": [-102.5, 0, 0],
						"17.375": [-102.5, 0, 0],
						"17.8333": [-30.3061, -5.08468, -8.62216],
						"18.5417": [-30.31, -5.08, -8.62],
						"19.125": [-102.5, 0, 0],
						"19.75": [-102.5, 0, 0],
						"20.2917": [-30.31, -5.08, -8.62],
						"20.875": [-30.31, -5.08, -8.62],
						"21.375": [0, 0, 0],
						"22.0": [-125, 0, 0],
						"22.0833": [-125, 0, 0],
						"22.5833": [-85.99506, -82.09657, 18.33118],
						"23.375": [-86, -82.1, 18.33],
						"23.875": [-125, 0, 0],
						"23.9583": [-125, 0, 0],
						"24.4583": [-39.56869, -6.40865, -7.69263],
						"25.125": [-39.57, -6.41, -7.69],
						"25.7083": [-125, 0, 0],
						"26.0": [-125, 0, 0],
						"26.375": [0, 0, 0],
						"26.9583": [0, 0, 0],
						"27.4583": [-102.5, 0, 0],
						"28.4167": [-102.5, 0, 0],
						"28.875": [-30.3061, -5.08468, -8.62216],
						"29.5833": [-30.31, -5.08, -8.62],
						"30.1667": [-102.5, 0, 0],
						"30.7917": [-102.5, 0, 0],
						"31.375": [-30.31, -5.08, -8.62],
						"33.2917": [-30.31, -5.08, -8.62],
						"33.875": [0, 0, 0]
					},
					"position": {
						"0.0": [0, 0, 0],
						"0.625": [0, 0, 0],
						"0.7083": [0, 0, 0],
						"3.75": [0, 0, 0],
						"5.5833": [0, 0, 0],
						"7.0417": [0, 0, 0],
						"7.5": [0, 0, 0],
						"8.2083": [0, 0, 0],
						"8.7917": [0, 0, 0],
						"9.4167": [0, 0, 0],
						"10.0833": [0, 0, 0],
						"10.5833": [0, 0, 0],
						"11.2083": [0, 0, 0],
						"11.2917": [0, 0, 0],
						"14.3333": [0, 0, 0],
						"15.875": [0, 0, 0],
						"17.375": [0, 0, 0],
						"17.8333": [0, 0, 0],
						"18.5417": [0, 0, 0],
						"19.125": [0, 0, 0],
						"19.75": [0, 0, 0],
						"20.2917": [0, 0, 0],
						"20.875": [0, 0, 0],
						"21.375": [0, 0, 0],
						"22.0": [0, 0, 0],
						"22.0833": [0, 0, 0],
						"25.125": [0, 0, 0],
						"26.9583": [0, 0, 0],
						"28.4167": [0, 0, 0],
						"28.875": [0, 0, 0],
						"29.5833": [0, 0, 0],
						"30.1667": [0, 0, 0],
						"30.7917": [0, 0, 0],
						"31.375": [0, 0, 0],
						"33.2917": [0, 0, 0],
						"33.875": [0, 0, 0]
					}
				},
				"leftLeg": {
					"rotation": {
						"0.0": [0, 0, 0],
						"5.5833": [0, 0, 0],
						"6.0833": [-17.5, 0, 0],
						"7.0417": [-17.5, 0, 0],
						"7.5": [-66.82432, 0, 0],
						"8.2083": [-66.82, 0, 0],
						"8.7917": [-17.5, 0, 0],
						"9.4167": [-17.5, 0, 0],
						"10.0833": [0, 0, 0],
						"10.5833": [0, 0, 0],
						"15.875": [0, 0, 0],
						"16.4167": [-17.5, 0, 0],
						"17.375": [-17.5, 0, 0],
						"17.8333": [-66.82432, 0, 0],
						"18.5417": [-66.82, 0, 0],
						"19.125": [-17.5, 0, 0],
						"19.75": [-17.5, 0, 0],
						"20.2917": [-66.82, 0, 0],
						"20.875": [-66.82, 0, 0],
						"21.375": [0, 0, 0],
						"26.9583": [0, 0, 0],
						"27.4583": [-17.5, 0, 0],
						"28.4167": [-17.5, 0, 0],
						"28.875": [-66.82432, 0, 0],
						"29.5833": [-66.82, 0, 0],
						"30.1667": [-17.5, 0, 0],
						"30.7917": [-17.5, 0, 0],
						"31.375": [-66.82, 0, 0],
						"33.2917": [-66.82, 0, 0],
						"33.875": [0, 0, 0]
					},
					"position": {
						"0.0": [0, 0, 0],
						"5.5833": [0, 0, 0],
						"7.0417": [0, 0, 0],
						"7.5": [0, 0, 0],
						"8.2083": [0, 0, 0],
						"8.7917": [0, 0, 0],
						"9.4167": [0, 0, 0],
						"10.0833": [0, 0, 0],
						"10.5833": [0, 0, 0],
						"15.875": [0, 0, 0],
						"17.375": [0, 0, 0],
						"17.8333": [0, 0, 0],
						"18.5417": [0, 0, 0],
						"19.125": [0, 0, 0],
						"19.75": [0, 0, 0],
						"20.2917": [0, 0, 0],
						"20.875": [0, 0, 0],
						"21.375": [0, 0, 0],
						"26.9583": [0, 0, 0],
						"28.4167": [0, 0, 0],
						"28.875": [0, 0, 0],
						"29.5833": [0, 0, 0],
						"30.1667": [0, 0, 0],
						"30.7917": [0, 0, 0],
						"31.375": [0, 0, 0],
						"33.2917": [0, 0, 0],
						"33.875": [0, 0, 0]
					}
				},
				"rightLeg": {
					"rotation": {
						"0.0": [0, 0, 0],
						"5.5833": [0, 0, 0],
						"6.0833": [-17.5, 0, 0],
						"7.0417": [-17.5, 0, 0],
						"7.5": [-64.32432, 0, 0],
						"8.2083": [-64.32, 0, 0],
						"8.7917": [-17.5, 0, 0],
						"9.4167": [-17.5, 0, 0],
						"10.0833": [0, 0, 0],
						"10.5833": [0, 0, 0],
						"15.875": [0, 0, 0],
						"16.4167": [-17.5, 0, 0],
						"17.0417": [-17.5, 0, 0],
						"17.375": [-19.05405, 0, 0],
						"17.8333": [-64.32432, 0, 0],
						"18.5417": [-64.32, 0, 0],
						"19.125": [-17.5, 0, 0],
						"19.75": [-17.5, 0, 0],
						"20.2917": [-64.32, 0, 0],
						"20.875": [-64.32, 0, 0],
						"21.375": [0, 0, 0],
						"26.9583": [0, 0, 0],
						"27.4583": [-17.5, 0, 0],
						"28.4167": [-17.5, 0, 0],
						"28.875": [-64.32432, 0, 0],
						"29.5833": [-64.32, 0, 0],
						"30.1667": [-17.5, 0, 0],
						"30.7917": [-17.5, 0, 0],
						"31.375": [-64.32, 0, 0],
						"33.2917": [-64.32, 0, 0],
						"33.875": [0, 0, 0]
					},
					"position": {
						"0.0": [0, 0, 0],
						"5.5833": [0, 0, 0],
						"7.0417": [0, 0, 0],
						"7.5": [0, 0, 0],
						"8.2083": [0, 0, 0],
						"8.7917": [0, 0, 0],
						"9.4167": [0, 0, 0],
						"10.0833": [0, 0, 0],
						"10.5833": [0, 0, 0],
						"15.875": [0, 0, 0],
						"16.4167": [0, 0, 0],
						"17.0417": [0, 0, 0],
						"17.375": [0, 0, 0],
						"17.8333": [0, 0, 0],
						"18.5417": [0, 0, 0],
						"19.125": [0, 0, 0],
						"19.75": [0, 0, 0],
						"20.2917": [0, 0, 0],
						"20.875": [0, 0, 0],
						"21.375": [0, 0, 0],
						"26.9583": [0, 0, 0],
						"28.4167": [0, 0, 0],
						"28.875": [0, 0, 0],
						"29.5833": [0, 0, 0],
						"30.1667": [0, 0, 0],
						"30.7917": [0, 0, 0],
						"31.375": [0, 0, 0],
						"33.2917": [0, 0, 0],
						"33.875": [0, 0, 0]
					}
				}
			}
		},
		"animation.player.sholat.empat": {
			"animation_length": 44.4167,
			"bones": {
				"root": {
					"rotation": {
						"0.0": [0, 0, 0],
						"5.5833": [0, 0, 0],
						"6.0833": [75, 0, 0],
						"7.0417": [75, 0, 0],
						"7.5": [10.67568, 0, 0],
						"8.2083": [10.68, 0, 0],
						"8.7917": [75, 0, 0],
						"9.4167": [75, 0, 0],
						"10.0833": [0, 0, 0],
						"10.5833": [0, 0, 0],
						"15.875": [0, 0, 0],
						"16.4167": [75, 0, 0],
						"17.375": [75, 0, 0],
						"17.8333": [10.67568, 0, 0],
						"18.5417": [10.68, 0, 0],
						"19.125": [75, 0, 0],
						"19.75": [75, 0, 0],
						"20.2917": [10.68, 0, 0],
						"20.875": [10.68, 0, 0],
						"21.375": [0, 0, 0],
						"26.9167": [0, 0, 0],
						"27.4167": [75, 0, 0],
						"28.375": [75, 0, 0],
						"28.8333": [10.67568, 0, 0],
						"29.5417": [10.68, 0, 0],
						"30.125": [75, 0, 0],
						"30.75": [75, 0, 0],
						"31.4167": [0, 0, 0],
						"31.9167": [0, 0, 0],
						"37.5": [0, 0, 0],
						"38.0": [75, 0, 0],
						"38.9583": [75, 0, 0],
						"39.4167": [10.67568, 0, 0],
						"40.125": [10.68, 0, 0],
						"40.7083": [75, 0, 0],
						"41.3333": [75, 0, 0],
						"41.9167": [10.68, 0, 0],
						"43.8333": [10.68, 0, 0],
						"44.4167": [0, 0, 0]
					},
					"position": {
						"0.0": [0, 0, 0],
						"5.5833": [0, 0, 0],
						"6.0833": [0, 0, 5],
						"7.0417": [0, 0, 5],
						"7.5": [0, -10, 3.38],
						"8.2083": [0, -10, 3.38],
						"8.7917": [0, 0, 5],
						"9.4167": [0, 0, 5],
						"10.0833": [0, 0, 0],
						"10.5833": [0, 0, 0],
						"15.875": [0, 0, 0],
						"16.4167": [0, 0, 5],
						"17.375": [0, 0, 5],
						"17.8333": [0, -10, 3.38],
						"18.5417": [0, -10, 3.38],
						"19.125": [0, 0, 5],
						"19.75": [0, 0, 5],
						"20.2917": [0, -10, 3.38],
						"20.875": [0, -10, 3.38],
						"21.375": [0, 0, 0],
						"26.9167": [0, 0, 0],
						"27.4167": [0, 0, 5],
						"28.375": [0, 0, 5],
						"28.8333": [0, -10, 3.38],
						"29.5417": [0, -10, 3.38],
						"30.125": [0, 0, 5],
						"30.75": [0, 0, 5],
						"31.4167": [0, 0, 0],
						"31.9167": [0, 0, 0],
						"37.5": [0, 0, 0],
						"38.0": [0, 0, 5],
						"38.9583": [0, 0, 5],
						"39.4167": [0, -10, 3.38],
						"40.125": [0, -10, 3.38],
						"40.7083": [0, 0, 5],
						"41.3333": [0, 0, 5],
						"41.9167": [0, -10, 3.38],
						"43.8333": [0, -10, 3.38],
						"44.4167": [0, 0, 0]
					}
				},
				"body": {
					"rotation": {
						"0.0": [0, 0, 0],
						"2.5833": [0, 0, 0],
						"3.0833": [80, 0, 0],
						"3.75": [80, 0, 0],
						"4.3333": [0, 0, 0],
						"5.5833": [0, 0, 0],
						"7.0417": [0, 0, 0],
						"7.5": [0, 0, 0],
						"8.2083": [0, 0, 0],
						"8.7917": [0, 0, 0],
						"9.4167": [0, 0, 0],
						"10.0833": [0, 0, 0],
						"10.5833": [0, 0, 0],
						"13.1667": [0, 0, 0],
						"13.6667": [80, 0, 0],
						"14.3333": [80, 0, 0],
						"14.9167": [0, 0, 0],
						"15.875": [0, 0, 0],
						"17.375": [0, 0, 0],
						"17.8333": [0, 0, 0],
						"18.5417": [0, 0, 0],
						"19.125": [0, 0, 0],
						"19.75": [0, 0, 0],
						"20.2917": [0, 0, 0],
						"20.875": [0, 0, 0],
						"21.375": [0, 0, 0],
						"23.9167": [0, 0, 0],
						"24.4167": [80, 0, 0],
						"25.0833": [80, 0, 0],
						"25.6667": [0, 0, 0],
						"26.9167": [0, 0, 0],
						"28.375": [0, 0, 0],
						"28.8333": [0, 0, 0],
						"29.5417": [0, 0, 0],
						"30.125": [0, 0, 0],
						"30.75": [0, 0, 0],
						"31.4167": [0, 0, 0],
						"31.9167": [0, 0, 0],
						"34.5": [0, 0, 0],
						"35.0": [80, 0, 0],
						"35.6667": [80, 0, 0],
						"36.25": [0, 0, 0],
						"37.5": [0, 0, 0],
						"38.9583": [0, 0, 0],
						"39.4167": [0, 0, 0],
						"40.125": [0, 0, 0],
						"40.7083": [0, 0, 0],
						"41.3333": [0, 0, 0],
						"41.9167": [0, 0, 0],
						"43.8333": [0, 0, 0],
						"44.4167": [0, 0, 0]
					},
					"position": {
						"0.0": [0, 0, 0],
						"2.5833": [0, 0, 0],
						"3.0833": [0, -10, -10],
						"3.75": [0, -10, -10],
						"4.3333": [0, 0, 0],
						"5.5833": [0, 0, 0],
						"7.0417": [0, 0, 0],
						"7.5": [0, 0, 0],
						"8.2083": [0, 0, 0],
						"8.7917": [0, 0, 0],
						"9.4167": [0, 0, 0],
						"10.0833": [0, 0, 0],
						"10.5833": [0, 0, 0],
						"13.1667": [0, 0, 0],
						"13.6667": [0, -10, -10],
						"14.3333": [0, -10, -10],
						"14.9167": [0, 0, 0],
						"15.875": [0, 0, 0],
						"17.375": [0, 0, 0],
						"17.8333": [0, 0, 0],
						"18.5417": [0, 0, 0],
						"19.125": [0, 0, 0],
						"19.75": [0, 0, 0],
						"20.2917": [0, 0, 0],
						"20.875": [0, 0, 0],
						"21.375": [0, 0, 0],
						"23.9167": [0, 0, 0],
						"24.4167": [0, -10, -10],
						"25.0833": [0, -10, -10],
						"25.6667": [0, 0, 0],
						"26.9167": [0, 0, 0],
						"28.375": [0, 0, 0],
						"28.8333": [0, 0, 0],
						"29.5417": [0, 0, 0],
						"30.125": [0, 0, 0],
						"30.75": [0, 0, 0],
						"31.4167": [0, 0, 0],
						"31.9167": [0, 0, 0],
						"34.5": [0, 0, 0],
						"35.0": [0, -10, -10],
						"35.6667": [0, -10, -10],
						"36.25": [0, 0, 0],
						"37.5": [0, 0, 0],
						"38.9583": [0, 0, 0],
						"39.4167": [0, 0, 0],
						"40.125": [0, 0, 0],
						"40.7083": [0, 0, 0],
						"41.3333": [0, 0, 0],
						"41.9167": [0, 0, 0],
						"43.8333": [0, 0, 0],
						"44.4167": [0, 0, 0]
					}
				},
				"head": {
					"rotation": {
						"0.0": [25, 0, 0],
						"2.7917": [25, 0, 0],
						"3.0833": [10, 0, 0],
						"4.3333": [10, 0, 0],
						"4.75": [17.5, 0, 0],
						"5.5833": [17.5, 0, 0],
						"6.0833": [102.5, 0, 0],
						"7.0417": [102.5, 0, 0],
						"7.5": [13.58108, 0, 0],
						"8.2083": [13.58, 0, 0],
						"8.7917": [102.5, 0, 0],
						"9.4167": [102.5, 0, 0],
						"10.0833": [25, 0, 0],
						"10.5833": [25, 0, 0],
						"13.375": [25, 0, 0],
						"13.6667": [10, 0, 0],
						"14.9167": [10, 0, 0],
						"15.3333": [17.5, 0, 0],
						"15.875": [17.5, 0, 0],
						"16.4167": [102.5, 0, 0],
						"17.375": [102.5, 0, 0],
						"17.8333": [13.58108, 0, 0],
						"18.5417": [13.58, 0, 0],
						"19.125": [102.5, 0, 0],
						"19.75": [102.5, 0, 0],
						"20.2917": [13.58, 0, 0],
						"20.875": [13.58, 0, 0],
						"21.375": [25, 0, 0],
						"24.125": [25, 0, 0],
						"24.4167": [10, 0, 0],
						"25.6667": [10, 0, 0],
						"26.0833": [17.5, 0, 0],
						"26.9167": [17.5, 0, 0],
						"27.4167": [102.5, 0, 0],
						"28.375": [102.5, 0, 0],
						"28.8333": [13.58108, 0, 0],
						"29.5417": [13.58, 0, 0],
						"30.125": [102.5, 0, 0],
						"30.75": [102.5, 0, 0],
						"31.4167": [25, 0, 0],
						"31.9167": [25, 0, 0],
						"34.7083": [25, 0, 0],
						"35.0": [10, 0, 0],
						"36.25": [10, 0, 0],
						"36.6667": [17.5, 0, 0],
						"37.5": [17.5, 0, 0],
						"38.0": [102.5, 0, 0],
						"38.9583": [102.5, 0, 0],
						"39.4167": [13.58108, 0, 0],
						"40.125": [13.58, 0, 0],
						"40.7083": [102.5, 0, 0],
						"41.3333": [102.5, 0, 0],
						"41.9167": [25.35391, -2.46738, 5.34813],
						"42.25": [22.84, -52.77, -18.54],
						"42.625": [13.59483, 2.43303, 0.58714],
						"42.8333": [13.59, 2.43, 0.59],
						"43.2083": [18.85745, 43.42025, 13.21431],
						"43.6667": [13.62934, 4.85998, 1.17347],
						"44.4167": [25, 0, 0]
					},
					"position": {
						"0.0": [0, 0, 0],
						"5.5833": [0, 0, 0],
						"7.0417": [0, 0, 0],
						"7.5": [0, 0, 0],
						"8.2083": [0, 0, 0],
						"8.7917": [0, 0, 0],
						"9.4167": [0, 0, 0],
						"10.0833": [0, 0, 0],
						"10.5833": [0, 0, 0],
						"15.875": [0, 0, 0],
						"17.375": [0, 0, 0],
						"17.8333": [0, 0, 0],
						"18.5417": [0, 0, 0],
						"19.125": [0, 0, 0],
						"19.75": [0, 0, 0],
						"20.2917": [0, 0, 0],
						"20.875": [0, 0, 0],
						"21.375": [0, 0, 0],
						"26.9167": [0, 0, 0],
						"28.375": [0, 0, 0],
						"28.8333": [0, 0, 0],
						"29.5417": [0, 0, 0],
						"30.125": [0, 0, 0],
						"30.75": [0, 0, 0],
						"31.4167": [0, 0, 0],
						"31.9167": [0, 0, 0],
						"37.5": [0, 0, 0],
						"38.9583": [0, 0, 0],
						"39.4167": [0, 0, 0],
						"40.125": [0, 0, 0],
						"40.7083": [0, 0, 0],
						"41.3333": [0, 0, 0],
						"43.8333": [0, 0, 0],
						"44.4167": [0, 0, 0]
					}
				},
				"leftArm": {
					"rotation": {
						"0.0": [0, 0, 0],
						"0.625": [-125, 0, 0],
						"0.7083": [-125, 0, 0],
						"1.2083": [-70, 70, 0],
						"2.0": [-70, 70, 0],
						"2.5": [-125, 0, 0],
						"2.5833": [-125, 0, 0],
						"3.0833": [-41.81615, 8.40819, 9.28293],
						"3.75": [-41.82, 8.41, 9.28],
						"4.3333": [-125, 0, 0],
						"4.625": [-125, 0, 0],
						"5.0": [0, 0, 0],
						"5.5833": [0, 0, 0],
						"6.0833": [-102.5, 0, 0],
						"7.0417": [-102.5, 0, 0],
						"7.5": [-25.66629, 5.48486, 11.24963],
						"8.2083": [-25.67, 5.48, 11.25],
						"8.7917": [-102.5, 0, 0],
						"9.4167": [-102.5, 0, 0],
						"10.0833": [0, 0, 0],
						"10.5833": [0, 0, 0],
						"11.2083": [-125, 0, 0],
						"11.2917": [-125, 0, 0],
						"11.7917": [-70, 70, 0],
						"12.5833": [-70, 70, 0],
						"13.0833": [-125, 0, 0],
						"13.1667": [-125, 0, 0],
						"13.6667": [-41.81615, 8.40819, 9.28293],
						"14.3333": [-41.82, 8.41, 9.28],
						"14.9167": [-125, 0, 0],
						"15.2083": [-125, 0, 0],
						"15.5833": [0, 0, 0],
						"15.875": [0, 0, 0],
						"16.4167": [-102.5, 0, 0],
						"17.375": [-102.5, 0, 0],
						"17.8333": [-25.66629, 5.48486, 11.24963],
						"18.5417": [-25.67, 5.48, 11.25],
						"19.125": [-102.5, 0, 0],
						"19.75": [-102.5, 0, 0],
						"20.2917": [-25.67, 5.48, 11.25],
						"20.875": [-25.67, 5.48, 11.25],
						"21.375": [0, 0, 0],
						"22.0": [-125, 0, 0],
						"22.0833": [-125, 0, 0],
						"22.5833": [-70, 70, 0],
						"23.375": [-70, 70, 0],
						"23.8333": [-125, 0, 0],
						"23.9167": [-125, 0, 0],
						"24.4167": [-41.81615, 8.40819, 9.28293],
						"25.0833": [-41.82, 8.41, 9.28],
						"25.6667": [-125, 0, 0],
						"25.9583": [-125, 0, 0],
						"26.3333": [0, 0, 0],
						"26.9167": [0, 0, 0],
						"27.4167": [-102.5, 0, 0],
						"28.375": [-102.5, 0, 0],
						"28.8333": [-25.66629, 5.48486, 11.24963],
						"29.5417": [-25.67, 5.48, 11.25],
						"30.125": [-102.5, 0, 0],
						"30.75": [-102.5, 0, 0],
						"31.4167": [0, 0, 0],
						"31.9167": [0, 0, 0],
						"32.5417": [-125, 0, 0],
						"32.625": [-125, 0, 0],
						"33.125": [-70, 70, 0],
						"33.9167": [-70, 70, 0],
						"34.4167": [-125, 0, 0],
						"34.5": [-125, 0, 0],
						"35.0": [-41.81615, 8.40819, 9.28293],
						"35.6667": [-41.82, 8.41, 9.28],
						"36.25": [-125, 0, 0],
						"36.5417": [-125, 0, 0],
						"36.9167": [0, 0, 0],
						"37.5": [0, 0, 0],
						"38.0": [-102.5, 0, 0],
						"38.9583": [-102.5, 0, 0],
						"39.4167": [-25.66629, 5.48486, 11.24963],
						"40.125": [-25.67, 5.48, 11.25],
						"40.7083": [-102.5, 0, 0],
						"41.3333": [-102.5, 0, 0],
						"41.9167": [-25.67, 5.48, 11.25],
						"43.8333": [-25.67, 5.48, 11.25],
						"44.4167": [0, 0, 0]
					},
					"position": {
						"0.0": [0, 0, 0],
						"0.625": [0, 0, 0],
						"0.7083": [0, 0, 0],
						"3.75": [0, 0, 0],
						"5.5833": [0, 0, 0],
						"7.0417": [0, 0, 0],
						"7.5": [0, 0, 0],
						"8.2083": [0, 0, 0],
						"8.7917": [0, 0, 0],
						"9.4167": [0, 0, 0],
						"10.0833": [0, 0, 0],
						"10.5833": [0, 0, 0],
						"11.2083": [0, 0, 0],
						"11.2917": [0, 0, 0],
						"14.3333": [0, 0, 0],
						"15.875": [0, 0, 0],
						"17.375": [0, 0, 0],
						"17.8333": [0, 0, 0],
						"18.5417": [0, 0, 0],
						"19.125": [0, 0, 0],
						"19.75": [0, 0, 0],
						"20.2917": [0, 0, 0],
						"20.875": [0, 0, 0],
						"21.375": [0, 0, 0],
						"22.0": [0, 0, 0],
						"22.0833": [0, 0, 0],
						"25.0833": [0, 0, 0],
						"26.9167": [0, 0, 0],
						"28.375": [0, 0, 0],
						"28.8333": [0, 0, 0],
						"29.5417": [0, 0, 0],
						"30.125": [0, 0, 0],
						"30.75": [0, 0, 0],
						"31.4167": [0, 0, 0],
						"31.9167": [0, 0, 0],
						"32.5417": [0, 0, 0],
						"32.625": [0, 0, 0],
						"35.6667": [0, 0, 0],
						"37.5": [0, 0, 0],
						"38.9583": [0, 0, 0],
						"39.4167": [0, 0, 0],
						"40.125": [0, 0, 0],
						"40.7083": [0, 0, 0],
						"41.3333": [0, 0, 0],
						"41.9167": [0, 0, 0],
						"43.8333": [0, 0, 0],
						"44.4167": [0, 0, 0]
					}
				},
				"rightArm": {
					"rotation": {
						"0.0": [0, 0, 0],
						"0.625": [-125, 0, 0],
						"0.7083": [-125, 0, 0],
						"1.2083": [-85.99506, -82.09657, 18.33118],
						"2.0": [-86, -82.1, 18.33],
						"2.5": [-125, 0, 0],
						"2.5833": [-125, 0, 0],
						"3.0833": [-39.56869, -6.40865, -7.69263],
						"3.75": [-39.57, -6.41, -7.69],
						"4.3333": [-125, 0, 0],
						"4.625": [-125, 0, 0],
						"5.0": [0, 0, 0],
						"5.5833": [0, 0, 0],
						"6.0833": [-102.5, 0, 0],
						"7.0417": [-102.5, 0, 0],
						"7.5": [-30.3061, -5.08468, -8.62216],
						"8.2083": [-30.31, -5.08, -8.62],
						"8.7917": [-102.5, 0, 0],
						"9.4167": [-102.5, 0, 0],
						"10.0833": [0, 0, 0],
						"10.5833": [0, 0, 0],
						"11.2083": [-125, 0, 0],
						"11.2917": [-125, 0, 0],
						"11.7917": [-85.99506, -82.09657, 18.33118],
						"12.5833": [-86, -82.1, 18.33],
						"13.0833": [-125, 0, 0],
						"13.1667": [-125, 0, 0],
						"13.6667": [-39.56869, -6.40865, -7.69263],
						"14.3333": [-39.57, -6.41, -7.69],
						"14.9167": [-125, 0, 0],
						"15.2083": [-125, 0, 0],
						"15.5833": [0, 0, 0],
						"15.875": [0, 0, 0],
						"16.4167": [-102.5, 0, 0],
						"17.375": [-102.5, 0, 0],
						"17.8333": [-30.3061, -5.08468, -8.62216],
						"18.5417": [-30.31, -5.08, -8.62],
						"19.125": [-102.5, 0, 0],
						"19.75": [-102.5, 0, 0],
						"20.2917": [-30.31, -5.08, -8.62],
						"20.875": [-30.31, -5.08, -8.62],
						"21.375": [0, 0, 0],
						"22.0": [-125, 0, 0],
						"22.0833": [-125, 0, 0],
						"22.5833": [-85.99506, -82.09657, 18.33118],
						"23.375": [-86, -82.1, 18.33],
						"23.8333": [-125, 0, 0],
						"23.9167": [-125, 0, 0],
						"24.4167": [-39.56869, -6.40865, -7.69263],
						"25.0833": [-39.57, -6.41, -7.69],
						"25.6667": [-125, 0, 0],
						"25.9583": [-125, 0, 0],
						"26.3333": [0, 0, 0],
						"26.9167": [0, 0, 0],
						"27.4167": [-102.5, 0, 0],
						"28.375": [-102.5, 0, 0],
						"28.8333": [-30.3061, -5.08468, -8.62216],
						"29.5417": [-30.31, -5.08, -8.62],
						"30.125": [-102.5, 0, 0],
						"30.75": [-102.5, 0, 0],
						"31.4167": [0, 0, 0],
						"31.9167": [0, 0, 0],
						"32.5417": [-125, 0, 0],
						"32.625": [-125, 0, 0],
						"33.125": [-85.99506, -82.09657, 18.33118],
						"33.9167": [-86, -82.1, 18.33],
						"34.4167": [-125, 0, 0],
						"34.5": [-125, 0, 0],
						"35.0": [-39.56869, -6.40865, -7.69263],
						"35.6667": [-39.57, -6.41, -7.69],
						"36.25": [-125, 0, 0],
						"36.5417": [-125, 0, 0],
						"36.9167": [0, 0, 0],
						"37.5": [0, 0, 0],
						"38.0": [-102.5, 0, 0],
						"38.9583": [-102.5, 0, 0],
						"39.4167": [-30.3061, -5.08468, -8.62216],
						"40.125": [-30.31, -5.08, -8.62],
						"40.7083": [-102.5, 0, 0],
						"41.3333": [-102.5, 0, 0],
						"41.9167": [-30.31, -5.08, -8.62],
						"43.8333": [-30.31, -5.08, -8.62],
						"44.4167": [0, 0, 0]
					},
					"position": {
						"0.0": [0, 0, 0],
						"0.625": [0, 0, 0],
						"0.7083": [0, 0, 0],
						"3.75": [0, 0, 0],
						"5.5833": [0, 0, 0],
						"7.0417": [0, 0, 0],
						"7.5": [0, 0, 0],
						"8.2083": [0, 0, 0],
						"8.7917": [0, 0, 0],
						"9.4167": [0, 0, 0],
						"10.0833": [0, 0, 0],
						"10.5833": [0, 0, 0],
						"11.2083": [0, 0, 0],
						"11.2917": [0, 0, 0],
						"14.3333": [0, 0, 0],
						"15.875": [0, 0, 0],
						"17.375": [0, 0, 0],
						"17.8333": [0, 0, 0],
						"18.5417": [0, 0, 0],
						"19.125": [0, 0, 0],
						"19.75": [0, 0, 0],
						"20.2917": [0, 0, 0],
						"20.875": [0, 0, 0],
						"21.375": [0, 0, 0],
						"22.0": [0, 0, 0],
						"22.0833": [0, 0, 0],
						"25.0833": [0, 0, 0],
						"26.9167": [0, 0, 0],
						"28.375": [0, 0, 0],
						"28.8333": [0, 0, 0],
						"29.5417": [0, 0, 0],
						"30.125": [0, 0, 0],
						"30.75": [0, 0, 0],
						"31.4167": [0, 0, 0],
						"31.9167": [0, 0, 0],
						"32.5417": [0, 0, 0],
						"32.625": [0, 0, 0],
						"35.6667": [0, 0, 0],
						"37.5": [0, 0, 0],
						"38.9583": [0, 0, 0],
						"39.4167": [0, 0, 0],
						"40.125": [0, 0, 0],
						"40.7083": [0, 0, 0],
						"41.3333": [0, 0, 0],
						"41.9167": [0, 0, 0],
						"43.8333": [0, 0, 0],
						"44.4167": [0, 0, 0]
					}
				},
				"leftLeg": {
					"rotation": {
						"0.0": [0, 0, 0],
						"5.5833": [0, 0, 0],
						"6.0833": [-17.5, 0, 0],
						"7.0417": [-17.5, 0, 0],
						"7.5": [-66.82432, 0, 0],
						"8.2083": [-66.82, 0, 0],
						"8.7917": [-17.5, 0, 0],
						"9.4167": [-17.5, 0, 0],
						"10.0833": [0, 0, 0],
						"10.5833": [0, 0, 0],
						"15.875": [0, 0, 0],
						"16.4167": [-17.5, 0, 0],
						"17.375": [-17.5, 0, 0],
						"17.8333": [-66.82432, 0, 0],
						"18.5417": [-66.82, 0, 0],
						"19.125": [-17.5, 0, 0],
						"19.75": [-17.5, 0, 0],
						"20.2917": [-66.82, 0, 0],
						"20.875": [-66.82, 0, 0],
						"21.375": [0, 0, 0],
						"26.9167": [0, 0, 0],
						"27.4167": [-17.5, 0, 0],
						"28.375": [-17.5, 0, 0],
						"28.8333": [-66.82432, 0, 0],
						"29.5417": [-66.82, 0, 0],
						"30.125": [-17.5, 0, 0],
						"30.75": [-17.5, 0, 0],
						"31.4167": [0, 0, 0],
						"31.9167": [0, 0, 0],
						"37.5": [0, 0, 0],
						"38.0": [-17.5, 0, 0],
						"38.9583": [-17.5, 0, 0],
						"39.4167": [-66.82432, 0, 0],
						"40.125": [-66.82, 0, 0],
						"40.7083": [-17.5, 0, 0],
						"41.3333": [-17.5, 0, 0],
						"41.9167": [-66.82, 0, 0],
						"43.8333": [-66.82, 0, 0],
						"44.4167": [0, 0, 0]
					},
					"position": {
						"0.0": [0, 0, 0],
						"5.5833": [0, 0, 0],
						"7.0417": [0, 0, 0],
						"7.5": [0, 0, 0],
						"8.2083": [0, 0, 0],
						"8.7917": [0, 0, 0],
						"9.4167": [0, 0, 0],
						"10.0833": [0, 0, 0],
						"10.5833": [0, 0, 0],
						"15.875": [0, 0, 0],
						"17.375": [0, 0, 0],
						"17.8333": [0, 0, 0],
						"18.5417": [0, 0, 0],
						"19.125": [0, 0, 0],
						"19.75": [0, 0, 0],
						"20.2917": [0, 0, 0],
						"20.875": [0, 0, 0],
						"21.375": [0, 0, 0],
						"26.9167": [0, 0, 0],
						"28.375": [0, 0, 0],
						"28.8333": [0, 0, 0],
						"29.5417": [0, 0, 0],
						"30.125": [0, 0, 0],
						"30.75": [0, 0, 0],
						"31.4167": [0, 0, 0],
						"31.9167": [0, 0, 0],
						"37.5": [0, 0, 0],
						"38.9583": [0, 0, 0],
						"39.4167": [0, 0, 0],
						"40.125": [0, 0, 0],
						"40.7083": [0, 0, 0],
						"41.3333": [0, 0, 0],
						"41.9167": [0, 0, 0],
						"43.8333": [0, 0, 0],
						"44.4167": [0, 0, 0]
					}
				},
				"rightLeg": {
					"rotation": {
						"0.0": [0, 0, 0],
						"5.5833": [0, 0, 0],
						"6.0833": [-17.5, 0, 0],
						"7.0417": [-17.5, 0, 0],
						"7.5": [-64.32432, 0, 0],
						"8.2083": [-64.32, 0, 0],
						"8.7917": [-17.5, 0, 0],
						"9.4167": [-17.5, 0, 0],
						"10.0833": [0, 0, 0],
						"10.5833": [0, 0, 0],
						"15.875": [0, 0, 0],
						"16.4167": [-17.5, 0, 0],
						"17.0417": [-17.5, 0, 0],
						"17.375": [-19.05405, 0, 0],
						"17.8333": [-64.32432, 0, 0],
						"18.5417": [-64.32, 0, 0],
						"19.125": [-17.5, 0, 0],
						"19.75": [-17.5, 0, 0],
						"20.2917": [-64.32, 0, 0],
						"20.875": [-64.32, 0, 0],
						"21.375": [0, 0, 0],
						"26.9167": [0, 0, 0],
						"27.4167": [-17.5, 0, 0],
						"28.375": [-17.5, 0, 0],
						"28.8333": [-64.32432, 0, 0],
						"29.5417": [-64.32, 0, 0],
						"30.125": [-17.5, 0, 0],
						"30.75": [-17.5, 0, 0],
						"31.4167": [0, 0, 0],
						"31.9167": [0, 0, 0],
						"37.5": [0, 0, 0],
						"38.0": [-17.5, 0, 0],
						"38.9583": [-17.5, 0, 0],
						"39.4167": [-64.32432, 0, 0],
						"40.125": [-64.32, 0, 0],
						"40.7083": [-17.5, 0, 0],
						"41.3333": [-17.5, 0, 0],
						"41.9167": [-64.32, 0, 0],
						"43.8333": [-64.32, 0, 0],
						"44.4167": [0, 0, 0]
					},
					"position": {
						"0.0": [0, 0, 0],
						"5.5833": [0, 0, 0],
						"7.0417": [0, 0, 0],
						"7.5": [0, 0, 0],
						"8.2083": [0, 0, 0],
						"8.7917": [0, 0, 0],
						"9.4167": [0, 0, 0],
						"10.0833": [0, 0, 0],
						"10.5833": [0, 0, 0],
						"15.875": [0, 0, 0],
						"16.4167": [0, 0, 0],
						"17.0417": [0, 0, 0],
						"17.375": [0, 0, 0],
						"17.8333": [0, 0, 0],
						"18.5417": [0, 0, 0],
						"19.125": [0, 0, 0],
						"19.75": [0, 0, 0],
						"20.2917": [0, 0, 0],
						"20.875": [0, 0, 0],
						"21.375": [0, 0, 0],
						"26.9167": [0, 0, 0],
						"28.375": [0, 0, 0],
						"28.8333": [0, 0, 0],
						"29.5417": [0, 0, 0],
						"30.125": [0, 0, 0],
						"30.75": [0, 0, 0],
						"31.4167": [0, 0, 0],
						"31.9167": [0, 0, 0],
						"37.5": [0, 0, 0],
						"38.9583": [0, 0, 0],
						"39.4167": [0, 0, 0],
						"40.125": [0, 0, 0],
						"40.7083": [0, 0, 0],
						"41.3333": [0, 0, 0],
						"41.9167": [0, 0, 0],
						"43.8333": [0, 0, 0],
						"44.4167": [0, 0, 0]
					}
				}
			}
		},
		"animation.player.doa": {
			"animation_length": 3.54167,
			"bones": {
				"body": {
					"rotation": {
						"0.375": [0, 0, 0],
						"0.7917": [-10, 0, 0],
						"1.25": [0, 0, 0],
						"1.7083": [-10, 0, 0],
						"2.2083": [0, 0, 0]
					},
					"position": {
						"0.375": [0, 0, 0],
						"0.7917": [0, 0, 2],
						"1.25": [0, 0, 0],
						"1.7083": [0, 0, 2],
						"2.2083": [0, 0, 0]
					}
				},
				"head": {
					"rotation": {
						"0.0": [0, 0, 0],
						"0.375": [30, 0, 0],
						"2.2083": [30, 0, 0],
						"2.6667": [47.5, 0, 0],
						"2.8333": [47.5, 0, 0],
						"3.2083": [0, 0, 0]
					},
					"position": {
						"0.0": [0, 0, 0],
						"2.2083": [0, 0, 0],
						"2.8333": [0, 0, 0]
					}
				},
				"leftArm": {
					"rotation": {
						"0.0": [0, 0, 0],
						"0.375": [-61.06197, 29.14089, 15.06885],
						"2.2083": [-61.06, 29.14, 15.07],
						"2.6667": [-93.56, 29.14, 15.07],
						"2.8333": [-93.56, 29.14, 15.07],
						"3.2083": [0, 0, 0]
					},
					"position": {
						"0.0": [0, 0, 0],
						"2.2083": [0, 0, 0],
						"2.6667": [0, 0, 0],
						"2.8333": [0, 0, 1],
						"3.2083": [0, 0, 0]
					}
				},
				"rightArm": {
					"rotation": {
						"0.0": [0, 0, 0],
						"0.375": [-65.19002, -25.71543, -10.09541],
						"2.2083": [-65.19, -25.72, -10.1],
						"2.6667": [-95.19, -25.72, -10.1],
						"2.8333": [-95.19, -25.72, -10.1],
						"3.2083": [0, 0, 0]
					},
					"position": {
						"0.0": [0, 0, 0],
						"2.2083": [0, 0, 0],
						"2.6667": [0, 0, 0],
						"2.8333": [0, 0, 1],
						"3.2083": [0, 0, 0]
					}
				}
			}
		},
		"animation.player.tidur": {
			"loop": true,
			"animation_length": 2,
			"bones": {
				"body": {
					"rotation": [-91.30423, 7.66758, -75.22857],
					"position": [0, -20, 0]
				},
				"head": {
					"rotation": [0, 2.5, 0]
				},
				"leftArm": {
					"rotation": [-17.03446, 43.83623, 56.02876]
				},
				"rightArm": {
					"rotation": [-131.00837, -59.79826, -55.01156]
				},
				"leftLeg": {
					"rotation": [-75.85393, 2.49944, -68.76092],
					"position": [-2, -8, -12]
				},
				"rightLeg": {
					"rotation": [-103.34411, 0.08333, -70.55977],
					"position": [0, -12, -12]
				}
			}
		},
		"animation.player.stop": {
			"loop": true
		},
		"animation.player.doa_duduk": {
			"animation_length": 3.54167,
			"bones": {
				"body": {
					"rotation": {
						"0.375": [0, 0, 0],
						"0.7917": [-10, 0, 0],
						"1.25": [0, 0, 0],
						"1.7083": [-10, 0, 0],
						"2.2083": [0, 0, 0]
					},
					"position": {
						"0.375": [0, 0, 0],
						"0.7917": [0, 0, 2],
						"1.25": [0, 0, 0],
						"1.7083": [0, 0, 2],
						"2.2083": [0, 0, 0]
					}
				},
				"head": {
					"rotation": {
						"0.0": [0, 0, 0],
						"0.375": [30, 0, 0],
						"2.2083": [30, 0, 0],
						"2.6667": [47.5, 0, 0],
						"2.8333": [47.5, 0, 0],
						"3.2083": [0, 0, 0]
					},
					"position": {
						"0.0": [0, 0, 0],
						"2.2083": [0, 0, 0],
						"2.8333": [0, 0, 0]
					}
				},
				"leftArm": {
					"rotation": {
						"0.0": [0, 0, 0],
						"0.375": [-61.06197, 29.14089, 15.06885],
						"2.2083": [-61.06, 29.14, 15.07],
						"2.6667": [-93.56, 29.14, 15.07],
						"2.8333": [-93.56, 29.14, 15.07],
						"3.2083": [0, 0, 0]
					},
					"position": {
						"0.0": [0, 0, 0],
						"2.2083": [0, 0, 0],
						"2.6667": [0, 0, 0],
						"2.8333": [0, 0, 1],
						"3.2083": [0, 0, 0]
					}
				},
				"rightArm": {
					"rotation": {
						"0.0": [0, 0, 0],
						"0.375": [-65.19002, -25.71543, -10.09541],
						"2.2083": [-65.19, -25.72, -10.1],
						"2.6667": [-95.19, -25.72, -10.1],
						"2.8333": [-95.19, -25.72, -10.1],
						"3.2083": [0, 0, 0]
					},
					"position": {
						"0.0": [0, 0, 0],
						"2.2083": [0, 0, 0],
						"2.6667": [0, 0, 0],
						"2.8333": [0, 0, 1],
						"3.2083": [0, 0, 0]
					}
				},
				"root": {
					"position": [0, -11, 4]
				},
				"leftLeg": {
					"rotation": [-65, 0, 0]
				},
				"rightLeg": {
					"rotation": [-65, 0, 0]
				}
			}
		},
		"animation.player.duduk": {
			"animation_length": 9999.9999,
			"bones": {
				"root": {
					"position": [0, -10, 0]
				},
				"leftArm": {
					"rotation": [-25, 0, 0]
				},
				"rightArm": {
					"rotation": [-22.5, 0, 0]
				},
				"leftLeg": {
					"rotation": [-82.2386, -14.8687, -2.00307]
				},
				"rightLeg": {
					"rotation": [-79.65473, 14.76689, 2.66399]
				}
			}
		},
		"animation.player.wudu": {
			"animation_length": 25.375,
			"bones": {
				"body": {
					"rotation": {
						"0.0": [0, 0, 0],
						"0.4583": [10, 0, 0],
						"2.1667": [10, 0, 0],
						"2.5": [22.5, 0, 0],
						"21.7917": [22.5, 0, 0],
						"22.1667": [35, 0, 0],
						"23.25": [35, 0, 0],
						"23.5417": [22.5, 0, 0],
						"23.7917": [35, 0, 0],
						"25.1667": [35, 0, 0],
						"25.375": [0, 0, 0]
					},
					"position": {
						"0.0": [0, 0, 0],
						"0.4583": [0, 0, -2],
						"2.1667": [0, 0, -2],
						"2.5": [0, -1, -4],
						"21.7917": [0, -1, -4],
						"22.1667": [0, -2, -7],
						"23.25": [0, -2, -7],
						"23.5417": [0, -1, -4],
						"23.7917": [0, -2, -7],
						"25.1667": [0, -2, -7],
						"25.375": [0, 0, 0]
					}
				},
				"head": {
					"rotation": {
						"2.1667": [0, 0, 0],
						"2.5": [22.5, 0, 0],
						"2.75": [62.5, 0, 0],
						"3.0": [22.5, 0, 0],
						"3.25": [62.5, 0, 0],
						"3.4583": [22.5, 0, 0],
						"3.7083": [5, 0, 0],
						"3.9583": [5, 0, 0],
						"4.2083": [-12.5, 0, 0],
						"4.4583": [-5, 0, 0],
						"4.7083": [-12.5, 0, 0],
						"4.9583": [5, 0, 0],
						"5.2083": [5, 0, 0],
						"5.4583": [-12.5, 0, 0],
						"5.7083": [-5, 0, 0],
						"5.9583": [-12.5, 0, 0],
						"6.2083": [5, 0, 0],
						"6.4583": [5, 0, 0],
						"6.7083": [-12.5, 0, 0],
						"6.9583": [-5, 0, 0],
						"7.2083": [-12.5, 0, 0],
						"7.7083": [-12.5, 0, 0],
						"8.0": [35, 0, 0],
						"8.25": [17.5, 0, 0],
						"8.75": [-12.5, 0, 0],
						"9.0417": [35, 0, 0],
						"9.2917": [17.5, 0, 0],
						"9.75": [-12.5, 0, 0],
						"10.0417": [35, 0, 0],
						"10.2917": [17.5, 0, 0],
						"10.5417": [-12.5, 0, 0],
						"10.8333": [-12.5, 0, 0],
						"11.1667": [22.81179, 9.23186, 3.86032],
						"12.5417": [22.81, 9.23, 3.86],
						"12.875": [-12.5, 0, 0],
						"13.1667": [-12.5, 0, 0],
						"13.5": [22.81179, 9.23186, 3.86032],
						"14.9167": [22.81, 9.23, 3.86],
						"15.1667": [-12.5, 0, 0],
						"15.4583": [-12.5, 0, 0],
						"15.7917": [65, 0, 0],
						"16.0417": [-12.5, 0, 0],
						"16.3333": [-12.5, 0, 0],
						"16.6667": [65, 0, 0],
						"16.875": [-12.5, 0, 0],
						"17.1667": [-12.5, 0, 0],
						"17.5": [65, 0, 0],
						"17.7917": [-12.5, 0, 0],
						"18.0833": [-12.5, 0, 0],
						"18.5": [30, 0, 0],
						"19.0833": [30, 0, 0],
						"19.3333": [-12.5, 0, 0],
						"19.75": [30, 0, 0],
						"20.3333": [30, 0, 0],
						"20.5417": [-12.5, 0, 0],
						"20.9583": [30, 0, 0],
						"21.5417": [30, 0, 0],
						"21.7917": [-12.5, 0, 0],
						"23.5417": [-12.5, 0, 0],
						"25.1667": [-12.5, 0, 0],
						"25.375": [0, 0, 0]
					},
					"position": [0, 0, 0]
				},
				"leftArm": {
					"rotation": {
						"0.0": [0, 0, 0],
						"0.3333": [-36.65996, 17.26588, 21.741],
						"0.625": [-29.15996, 17.26588, 21.741],
						"0.8333": [-46.65996, 17.26588, 21.741],
						"1.0417": [-29.15996, 17.26588, 21.741],
						"1.25": [-46.65996, 17.26588, 21.741],
						"1.4583": [-29.15996, 17.26588, 21.741],
						"1.6667": [-46.65996, 17.26588, 21.741],
						"1.9167": [-34.15996, 17.26588, 21.741],
						"2.1667": [-34.16, 17.27, 21.74],
						"2.5": [0, 0, 0],
						"7.2083": [0, 0, 0],
						"7.4583": [-51.08281, 20.57502, 9.67827],
						"7.7083": [-51.08, 20.58, 9.68],
						"8.0": [-101.49635, 25.48343, 8.61683],
						"8.25": [-91.49635, 25.48343, 8.61683],
						"8.5": [-51.08281, 20.57502, 9.67827],
						"8.75": [-51.08, 20.58, 9.68],
						"9.0417": [-101.49635, 25.48343, 8.61683],
						"9.2917": [-91.49635, 25.48343, 8.61683],
						"9.5": [-51.08281, 20.57502, 9.67827],
						"9.75": [-51.08, 20.58, 9.68],
						"10.0417": [-101.49635, 25.48343, 8.61683],
						"10.2917": [-91.49635, 25.48343, 8.61683],
						"10.5417": [-51.08281, 20.57502, 9.67827],
						"10.8333": [-51.08, 20.58, 9.68],
						"11.1667": [-18.68579, 51.62043, 60.49712],
						"11.4583": [-41.01712, 38.78532, 29.59392],
						"11.7083": [-18.68579, 51.62043, 60.49712],
						"12.0": [-41.01712, 38.78532, 29.59392],
						"12.25": [-18.68579, 51.62043, 60.49712],
						"12.5417": [-41.01712, 38.78532, 29.59392],
						"12.875": [-51.08281, 20.57502, 9.67827],
						"13.1667": [-51.08, 20.58, 9.68],
						"13.5": [-36.80565, 19.09477, 7.54205],
						"15.0": [-36.81, 19.09, 7.54],
						"15.1667": [-51.08281, 20.57502, 9.67827],
						"15.4583": [-51.08, 20.58, 9.68],
						"15.7917": [-95.79043, 10.6333, 10.75227],
						"16.0417": [-51.08281, 20.57502, 9.67827],
						"16.3333": [-51.08, 20.58, 9.68],
						"16.6667": [-95.79043, 10.6333, 10.75227],
						"16.875": [-51.08281, 20.57502, 9.67827],
						"17.1667": [-51.08, 20.58, 9.68],
						"17.5": [-95.79043, 10.6333, 10.75227],
						"17.7917": [-51.08281, 20.57502, 9.67827],
						"18.0833": [-51.08, 20.58, 9.68],
						"18.5": [-157.66565, 5.64405, 0.05094],
						"18.7917": [-150.16565, 5.64405, 0.05094],
						"19.0833": [-157.66565, 5.64405, 0.05094],
						"19.3333": [-51.08, 20.58, 9.68],
						"19.75": [-157.66565, 5.64405, 0.05094],
						"20.0417": [-150.16565, 5.64405, 0.05094],
						"20.3333": [-157.66565, 5.64405, 0.05094],
						"20.5417": [-51.08, 20.58, 9.68],
						"20.9583": [-157.66565, 5.64405, 0.05094],
						"21.25": [-150.16565, 5.64405, 0.05094],
						"21.5417": [-157.66565, 5.64405, 0.05094],
						"21.7917": [-51.08, 20.58, 9.68],
						"22.1667": [-51.08, 20.58, 9.68],
						"22.375": [-43.58, 20.58, 9.68],
						"22.625": [-51.08, 20.58, 9.68],
						"22.8333": [-43.58, 20.58, 9.68],
						"23.0417": [-51.08, 20.58, 9.68],
						"23.25": [-43.58, 20.58, 9.68],
						"23.5417": [-51.08, 20.58, 9.68],
						"23.7917": [-51.08, 20.58, 9.68],
						"24.0": [-43.58, 20.58, 9.68],
						"24.25": [-51.08, 20.58, 9.68],
						"24.4583": [-43.58, 20.58, 9.68],
						"24.6667": [-51.08, 20.58, 9.68],
						"24.875": [-43.58, 20.58, 9.68],
						"25.1667": [-51.08, 20.58, 9.68],
						"25.375": [0, 0, 0]
					},
					"position": {
						"7.2083": [0, 0, 0],
						"25.1667": [0, 0, 0]
					}
				},
				"rightArm": {
					"rotation": {
						"0.0": [0, 0, 0],
						"0.3333": [-35.02412, -13.30864, -21.34834],
						"0.625": [-42.52412, -13.30864, -21.34834],
						"0.8333": [-35.02412, -13.30864, -21.34834],
						"1.0417": [-42.52412, -13.30864, -21.34834],
						"1.25": [-35.02412, -13.30864, -21.34834],
						"1.4583": [-42.52412, -13.30864, -21.34834],
						"1.6667": [-35.02412, -13.30864, -21.34834],
						"1.9167": [-35.02, -13.31, -21.35],
						"2.1667": [-35.02, -13.31, -21.35],
						"2.5": [-68.10013, -47.58308, -28.75295],
						"2.75": [-35.02, -13.31, -21.35],
						"3.0": [-68.10013, -47.58308, -28.75295],
						"3.2083": [-35.02, -13.31, -21.35],
						"3.4583": [-68.10013, -47.58308, -28.75295],
						"3.7083": [-57.94401, -17.06875, -13.4205],
						"3.9583": [-57.94401, -17.06875, -13.4205],
						"4.2083": [-119.65094, -47.66819, -3.32234],
						"4.3333": [-118.48256, -49.87953, -1.55222],
						"4.4583": [-119.54312, -47.71997, -3.46491],
						"4.5833": [-118.48256, -49.87953, -1.55222],
						"4.7083": [-119.54312, -47.71997, -3.46491],
						"4.9583": [-57.94401, -17.06875, -13.4205],
						"5.2083": [-57.94401, -17.06875, -13.4205],
						"5.4583": [-119.65094, -47.66819, -3.32234],
						"5.5833": [-118.48256, -49.87953, -1.55222],
						"5.7083": [-119.54312, -47.71997, -3.46491],
						"5.8333": [-118.48256, -49.87953, -1.55222],
						"5.9583": [-119.54312, -47.71997, -3.46491],
						"6.2083": [-57.94401, -17.06875, -13.4205],
						"6.4583": [-57.94401, -17.06875, -13.4205],
						"6.7083": [-119.65094, -47.66819, -3.32234],
						"6.8333": [-118.48256, -49.87953, -1.55222],
						"6.9583": [-119.54312, -47.71997, -3.46491],
						"7.0833": [-118.48256, -49.87953, -1.55222],
						"7.2083": [-119.54312, -47.71997, -3.46491],
						"7.4583": [-49.99854, -21.59907, -14.02961],
						"7.7083": [-50, -21.6, -14.03],
						"8.0": [-100.18446, -24.06133, -13.55471],
						"8.25": [-90.18446, -24.06133, -13.55471],
						"8.5": [-49.99854, -21.59907, -14.02961],
						"8.75": [-50, -21.6, -14.03],
						"9.0417": [-100.18446, -24.06133, -13.55471],
						"9.2917": [-90.18446, -24.06133, -13.55471],
						"9.5": [-49.99854, -21.59907, -14.02961],
						"9.75": [-50, -21.6, -14.03],
						"10.0417": [-100.18446, -24.06133, -13.55471],
						"10.2917": [-90.18446, -24.06133, -13.55471],
						"10.5417": [-49.99854, -21.59907, -14.02961],
						"10.8333": [-50, -21.6, -14.03],
						"11.1667": [-35, -21.6, -14.03],
						"12.5417": [-35, -21.6, -14.03],
						"12.875": [-49.99854, -21.59907, -14.02961],
						"13.1667": [-50, -21.6, -14.03],
						"13.5": [-35, -21.6, -14.03],
						"13.75": [-10.32627, -40.39095, -75.79397],
						"14.0": [-26.53205, -33.12224, -49.08038],
						"14.25": [-10.32627, -40.39095, -75.79397],
						"14.5": [-26.53205, -33.12224, -49.08038],
						"14.7083": [-10.32627, -40.39095, -75.79397],
						"14.9583": [-26.53205, -33.12224, -49.08038],
						"15.1667": [-49.99854, -21.59907, -14.02961],
						"15.4583": [-50, -21.6, -14.03],
						"15.7917": [-99.58724, -14.20895, -15.36975],
						"16.0417": [-49.99854, -21.59907, -14.02961],
						"16.3333": [-50, -21.6, -14.03],
						"16.6667": [-99.58724, -14.20895, -15.36975],
						"16.875": [-49.99854, -21.59907, -14.02961],
						"17.1667": [-50, -21.6, -14.03],
						"17.5": [-99.58724, -14.20895, -15.36975],
						"17.7917": [-49.99854, -21.59907, -14.02961],
						"18.0833": [-50, -21.6, -14.03],
						"18.5": [-150.77556, -1.86956, 1.74131],
						"18.7917": [-145.77556, -1.86956, 1.74131],
						"19.0833": [-158.27556, -1.86956, 1.74131],
						"19.3333": [-50, -21.6, -14.03],
						"19.75": [-150.77556, -1.86956, 1.74131],
						"20.0417": [-145.77556, -1.86956, 1.74131],
						"20.3333": [-158.27556, -1.86956, 1.74131],
						"20.5417": [-50, -21.6, -14.03],
						"20.9583": [-150.77556, -1.86956, 1.74131],
						"21.25": [-145.77556, -1.86956, 1.74131],
						"21.5417": [-158.27556, -1.86956, 1.74131],
						"21.7917": [-50, -21.6, -14.03],
						"22.1667": [-50, -21.6, -14.03],
						"22.375": [-40, -21.6, -14.03],
						"22.625": [-50, -21.6, -14.03],
						"22.8333": [-40, -21.6, -14.03],
						"23.0417": [-50, -21.6, -14.03],
						"23.25": [-40, -21.6, -14.03],
						"23.5417": [-50, -21.6, -14.03],
						"23.7917": [-50, -21.6, -14.03],
						"24.0": [-40, -21.6, -14.03],
						"24.25": [-50, -21.6, -14.03],
						"24.4583": [-40, -21.6, -14.03],
						"24.6667": [-50, -21.6, -14.03],
						"24.875": [-40, -21.6, -14.03],
						"25.1667": [-50, -21.6, -14.03],
						"25.375": [0, 0, 0]
					},
					"position": [0, 0, 0]
				},
				"leftLeg": {
					"rotation": {
						"21.7917": [0, 0, 0],
						"23.5417": [0, 0, 0],
						"23.7917": [-72.31336, 9.76061, 2.18558],
						"25.1667": [-72.31, 9.76, 2.19],
						"25.375": [0, 0, 0]
					}
				},
				"rightLeg": {
					"rotation": {
						"21.7917": [0, 0, 0],
						"22.1667": [-66.73074, -13.56626, -6.46066],
						"23.25": [-66.73, -13.57, -6.46],
						"23.5417": [0, 0, 0],
						"25.1667": [0, 0, 0],
						"25.375": [0, 0, 0]
					},
					"position": [0, 0, 0]
				}
			}
		}
	}
}