{
	"format_version": "1.8.0",
	"animations": {
		"animation.villager_v2.sholat.subuh": {
			"animation_length": 31.75,
			"bones": {
				"head": {
					"rotation": {
						"0.0": [0, 0, 0],
						"0.125": [0, 0, 0],
						"0.4583": [17.5, 0, 0],
						"2.5": [17.5, 0, 0],
						"2.8333": [0, 0, 0],
						"4.875": [0, 0, 0],
						"5.1667": [10, 0, 0],
						"6.0": [10, 0, 0],
						"6.5": [47.5, 0, 0],
						"7.1667": [47.5, 0, 0],
						"7.5417": [20, 0, 0],
						"8.4167": [20, 0, 0],
						"8.875": [47.5, 0, 0],
						"9.625": [47.5, 0, 0],
						"10.0417": [0, 0, 0],
						"10.1667": [0, 0, 0],
						"10.5": [17.5, 0, 0],
						"12.4583": [17.5, 0, 0],
						"12.7917": [0, 0, 0],
						"14.8333": [0, 0, 0],
						"15.125": [10, 0, 0],
						"16.7083": [10, 0, 0],
						"17.3333": [10, 0, 0],
						"17.7917": [17.5, 0, 0],
						"18.125": [0, 0, 0],
						"20.1667": [0, 0, 0],
						"20.4583": [10, 0, 0],
						"21.2917": [10, 0, 0],
						"21.7917": [47.5, 0, 0],
						"22.4583": [47.5, 0, 0],
						"22.8333": [20, 0, 0],
						"23.7083": [20, 0, 0],
						"24.1667": [47.5, 0, 0],
						"24.9167": [47.5, 0, 0],
						"25.2917": [20, 0, 0],
						"26.8333": [20, 0, 0],
						"27.3333": [-7.5, 0, 0],
						"27.7083": [-7.5, 0, 0],
						"28.125": [-18.98448, 66.34466, -17.49058],
						"28.5417": [-18.98, 66.34, -17.49],
						"29.0": [-7.5, 0, 0],
						"29.375": [-7.5, 0, 0],
						"29.8333": [-18.98448, -66.34466, 17.49058],
						"30.2917": [-18.98, -66.34, 17.49],
						"30.7083": [-7.5, 0, 0],
						"31.0833": [7.5, 0, 0],
						"31.4167": [0, 0, 0]
					},
					"position": {
						"0.0": [0, 0, 0],
						"7.1667": [0, 0, 0],
						"8.4167": [0, 0, 0],
						"8.875": [0, 0, 0],
						"9.625": [0, 0, 0],
						"10.0417": [0, 0, 0],
						"16.7083": [0, 0, 0],
						"17.3333": [0, 0, 0],
						"22.4583": [0, 0, 0],
						"23.7083": [0, 0, 0],
						"24.1667": [0, 0, 0],
						"24.9167": [0, 0, 0],
						"26.8333": [0, 0, 0],
						"31.0833": [0, 0, 0],
						"31.4167": [0, 0, 0]
					}
				},
				"brim": {
					"rotation": {
						"0.0": [0, 0, 0],
						"9.625": [0, 0, 0],
						"10.0417": [0, 0, 0],
						"16.7083": [0, 0, 0],
						"17.3333": [0, 0, 0],
						"24.9167": [0, 0, 0],
						"31.0833": [0, 0, 0],
						"31.4167": [0, 0, 0]
					},
					"position": {
						"0.0": [0, 0, 0],
						"9.625": [0, 0, 0],
						"10.0417": [0, 0, 0],
						"16.7083": [0, 0, 0],
						"17.3333": [0, 0, 0],
						"24.9167": [0, 0, 0],
						"31.0833": [0, 0, 0],
						"31.4167": [0, 0, 0]
					}
				},
				"body": {
					"rotation": {
						"0.0": [0, 0, 0],
						"2.9167": [0, 0, 0],
						"3.2917": [90, 0, 0],
						"4.4583": [90, 0, 0],
						"4.875": [0, 0, 0],
						"6.0": [0, 0, 0],
						"6.5": [70, 0, 0],
						"7.1667": [70, 0, 0],
						"7.5417": [7.5, 0, 0],
						"8.4167": [7.5, 0, 0],
						"8.875": [70, 0, 0],
						"9.625": [70, 0, 0],
						"10.0417": [0, 0, 0],
						"12.875": [0, 0, 0],
						"13.25": [90, 0, 0],
						"14.4167": [90, 0, 0],
						"14.8333": [0, 0, 0],
						"16.7083": [0, 0, 0],
						"17.3333": [0, 0, 0],
						"18.2083": [0, 0, 0],
						"18.5833": [90, 0, 0],
						"19.75": [90, 0, 0],
						"20.1667": [0, 0, 0],
						"21.2917": [0, 0, 0],
						"21.7917": [70, 0, 0],
						"22.4583": [70, 0, 0],
						"22.8333": [7.5, 0, 0],
						"23.7083": [7.5, 0, 0],
						"24.1667": [70, 0, 0],
						"24.9167": [70, 0, 0],
						"25.2917": [7.5, 0, 0],
						"26.8333": [7.5, 0, 0],
						"31.0833": [7.5, 0, 0],
						"31.4167": [0, 0, 0]
					},
					"position": {
						"0.0": [0, 0, 0],
						"2.9167": [0, 0, 0],
						"2.9583": [0, 0.33, 2.22],
						"3.0": [0, 0.79, 4.32],
						"3.0417": [0, 1.69, 6.27],
						"3.0833": [0, 2.99, 8.23],
						"3.125": [0, 4.39, 9.78],
						"3.1667": [0, 6.09, 11.08],
						"3.2083": [0, 7.86, 12.05],
						"3.25": [0, 9.93, 12.53],
						"3.2917": [0, 12, 12],
						"4.4583": [0, 12, 12],
						"4.5": [0, 10, 12],
						"4.5417": [0, 7.93, 12.53],
						"4.5833": [0, 6.86, 12.05],
						"4.625": [0, 5.09, 11.08],
						"4.6667": [0, 3.39, 9.78],
						"4.7083": [0, 1.99, 8.23],
						"4.75": [0, 1.19, 6.27],
						"4.7917": [0, 0.79, 4.32],
						"4.8333": [0, 0.33, 2.22],
						"4.875": [0, 0, 0],
						"6.0": [0, 0, 0],
						"6.5": [0, -1, 6],
						"7.1667": [0, -1, 6],
						"7.25": [0, -0.22, 5.56],
						"7.3333": [0, -1.59, 5.11],
						"7.4167": [0, -3.15, 4.67],
						"7.5417": [0, -11, 4],
						"8.4167": [0, -11, 4],
						"8.875": [0, -1, 6],
						"9.625": [0, -1, 6],
						"10.0417": [0, 0, 0],
						"12.875": [0, 0, 0],
						"12.9167": [0, 0.33, 2.22],
						"12.9583": [0, 0.79, 4.32],
						"13.0": [0, 1.69, 6.27],
						"13.0417": [0, 2.99, 8.23],
						"13.0833": [0, 4.39, 9.78],
						"13.125": [0, 6.09, 11.08],
						"13.1667": [0, 7.86, 12.05],
						"13.2083": [0, 9.93, 12.53],
						"13.25": [0, 12, 12],
						"14.4167": [0, 12, 12],
						"14.4583": [0, 10, 12],
						"14.5": [0, 7.93, 12.53],
						"14.5417": [0, 6.86, 12.05],
						"14.5833": [0, 5.09, 11.08],
						"14.625": [0, 3.39, 9.78],
						"14.6667": [0, 1.99, 8.23],
						"14.7083": [0, 1.19, 6.27],
						"14.75": [0, 0.79, 4.32],
						"14.7917": [0, 0.33, 2.22],
						"14.8333": [0, 0, 0],
						"16.7083": [0, 0, 0],
						"17.3333": [0, 0, 0],
						"18.2083": [0, 0, 0],
						"18.25": [0, 0.33, 2.22],
						"18.2917": [0, 0.79, 4.32],
						"18.3333": [0, 1.69, 6.27],
						"18.375": [0, 2.99, 8.23],
						"18.4167": [0, 4.39, 9.78],
						"18.4583": [0, 6.09, 11.08],
						"18.5": [0, 7.86, 12.05],
						"18.5417": [0, 9.93, 12.53],
						"18.5833": [0, 12, 12],
						"19.75": [0, 12, 12],
						"19.7917": [0, 10, 12],
						"19.8333": [0, 7.93, 12.53],
						"19.875": [0, 6.86, 12.05],
						"19.9167": [0, 5.09, 11.08],
						"19.9583": [0, 3.39, 9.78],
						"20.0": [0, 1.99, 8.23],
						"20.0417": [0, 1.19, 6.27],
						"20.0833": [0, 0.79, 4.32],
						"20.125": [0, 0.33, 2.22],
						"20.1667": [0, 0, 0],
						"21.2917": [0, 0, 0],
						"21.7917": [0, -1, 6],
						"22.4583": [0, -1, 6],
						"22.5417": [0, -0.22, 5.56],
						"22.625": [0, -1.59, 5.11],
						"22.7083": [0, -3.15, 4.67],
						"22.8333": [0, -11, 4],
						"23.7083": [0, -11, 4],
						"24.1667": [0, -1, 6],
						"24.9167": [0, -1, 6],
						"25.0": [0, -0.22, 5.56],
						"25.0833": [0, -1.59, 5.11],
						"25.1667": [0, -3.15, 4.67],
						"25.2917": [0, -11, 4],
						"26.8333": [0, -11, 4],
						"31.0833": [0, -11, 4],
						"31.4167": [0, 0, 0]
					}
				},
				"arms": {
					"rotation": {
						"0.0": [-52.5, 0, 0],
						"0.3333": [-70, 0, 0],
						"0.625": [-50, 0, 0],
						"2.5": [-50, 0, 0],
						"2.9583": [-75, 0, 0],
						"3.3333": [-50, 0, 0],
						"4.4583": [-50, 0, 0],
						"4.6667": [-50, 0, 0],
						"4.875": [-75, 0, 0],
						"5.2083": [-50, 0, 0],
						"6.0": [-50, 0, 0],
						"6.5": [-125, 0, 0],
						"7.1667": [-125, 0, 0],
						"7.5417": [-45, 0, 0],
						"8.4167": [-45, 0, 0],
						"8.875": [-125, 0, 0],
						"9.625": [-125, 0, 0],
						"10.0417": [-52.5, 0, 0],
						"10.375": [-70, 0, 0],
						"10.6667": [-50, 0, 0],
						"12.4583": [-50, 0, 0],
						"12.9167": [-75, 0, 0],
						"13.2917": [-50, 0, 0],
						"14.4167": [-50, 0, 0],
						"14.625": [-50, 0, 0],
						"14.8333": [-75, 0, 0],
						"15.1667": [-50, 0, 0],
						"15.5833": [-77.5, 0, 0],
						"16.3333": [-77.5, 0, 0],
						"16.7083": [-55, 0, 0],
						"17.3333": [-55, 0, 0],
						"17.7917": [-50, 0, 0],
						"18.25": [-75, 0, 0],
						"18.625": [-50, 0, 0],
						"19.75": [-50, 0, 0],
						"19.9583": [-50, 0, 0],
						"20.1667": [-75, 0, 0],
						"20.5": [-50, 0, 0],
						"21.2917": [-50, 0, 0],
						"21.7917": [-125, 0, 0],
						"22.4583": [-125, 0, 0],
						"22.8333": [-45, 0, 0],
						"23.7083": [-45, 0, 0],
						"24.1667": [-125, 0, 0],
						"24.9167": [-125, 0, 0],
						"25.2917": [-45, 0, 0],
						"26.8333": [-45, 0, 0],
						"31.0833": [-45, 0, 0],
						"31.4167": [-52.5, 0, 0]
					},
					"position": {
						"0.0": [0, 0, 0],
						"3.0833": [0, 0, 0],
						"3.2917": [0, -3, 0],
						"4.4583": [0, -3, 0],
						"4.6667": [0, -3, 0],
						"4.875": [0, 0, 0],
						"6.0": [0, 0, 0],
						"6.5": [0, 0, -3],
						"7.1667": [0, 0, -3],
						"7.5417": [0, -2, -1],
						"8.4167": [0, -2, -1],
						"8.875": [0, 0, -3],
						"9.625": [0, 0, -3],
						"10.0417": [0, 0, 0],
						"13.0417": [0, 0, 0],
						"13.25": [0, -3, 0],
						"14.4167": [0, -3, 0],
						"14.625": [0, -3, 0],
						"14.8333": [0, 0, 0],
						"16.7083": [0, 0, 0],
						"17.3333": [0, 0, 0],
						"18.375": [0, 0, 0],
						"18.5833": [0, -3, 0],
						"19.75": [0, -3, 0],
						"19.9583": [0, -3, 0],
						"20.1667": [0, 0, 0],
						"21.2917": [0, 0, 0],
						"21.7917": [0, 0, -3],
						"22.4583": [0, 0, -3],
						"22.8333": [0, -2, -1],
						"23.7083": [0, -2, -1],
						"24.1667": [0, 0, -3],
						"24.9167": [0, 0, -3],
						"25.2917": [0, -2, -1],
						"26.8333": [0, -2, -1],
						"31.0833": [0, -2, -1],
						"31.4167": [0, 0, 0]
					}
				},
				"leg0": {
					"rotation": {
						"0.0": [0, 0, 0],
						"2.5": [0, 0, 0],
						"2.9167": [0, 0, 0],
						"3.2917": [-90, 0, 0],
						"4.4583": [-90, 0, 0],
						"4.875": [0, 0, 0],
						"6.0": [0, 0, 0],
						"6.5": [12.5, 0, 0],
						"7.1667": [12.5, 0, 0],
						"7.5417": [-62.5, 0, 0],
						"8.4167": [-62.5, 0, 0],
						"8.875": [12.5, 0, 0],
						"9.625": [12.5, 0, 0],
						"10.0417": [0, 0, 0],
						"12.4583": [0, 0, 0],
						"12.875": [0, 0, 0],
						"13.25": [-90, 0, 0],
						"14.4167": [-90, 0, 0],
						"14.8333": [0, 0, 0],
						"16.7083": [0, 0, 0],
						"17.3333": [0, 0, 0],
						"17.7917": [0, 0, 0],
						"18.2083": [0, 0, 0],
						"18.5833": [-90, 0, 0],
						"19.75": [-90, 0, 0],
						"20.1667": [0, 0, 0],
						"21.2917": [0, 0, 0],
						"21.7917": [12.5, 0, 0],
						"22.4583": [12.5, 0, 0],
						"22.8333": [-62.5, 0, 0],
						"23.7083": [-62.5, 0, 0],
						"24.1667": [12.5, 0, 0],
						"24.9167": [12.5, 0, 0],
						"25.2917": [-62.5, 0, 0],
						"26.8333": [-62.5, 0, 0],
						"31.0833": [-62.5, 0, 0],
						"31.4167": [0, 0, 0]
					},
					"position": {
						"0.0": [0, 0, 0],
						"4.4583": [0, 0, 0],
						"6.0": [0, 0, 0],
						"7.1667": [0, 0, 0],
						"7.5417": [0, 3, 0],
						"8.4167": [0, 3, 0],
						"8.875": [0, 0, 0],
						"9.625": [0, 0, 0],
						"10.0417": [0, 0, 0],
						"14.4167": [0, 0, 0],
						"16.7083": [0, 0, 0],
						"17.3333": [0, 0, 0],
						"19.75": [0, 0, 0],
						"21.2917": [0, 0, 0],
						"22.4583": [0, 0, 0],
						"22.8333": [0, 3, 0],
						"23.7083": [0, 3, 0],
						"24.1667": [0, 0, 0],
						"24.9167": [0, 0, 0],
						"25.2917": [0, 3, 0],
						"26.8333": [0, 3, 0],
						"31.0833": [0, 3, 0],
						"31.4167": [0, 0, 0]
					}
				},
				"leg1": {
					"rotation": {
						"0.0": [0, 0, 0],
						"2.9167": [0, 0, 0],
						"3.2917": [-90, 0, 0],
						"4.4583": [-90, 0, 0],
						"4.875": [0, 0, 0],
						"6.0": [0, 0, 0],
						"6.5": [12.5, 0, 0],
						"7.1667": [12.5, 0, 0],
						"7.5417": [-62.5, 0, 0],
						"8.4167": [-62.5, 0, 0],
						"8.875": [12.5, 0, 0],
						"9.625": [12.5, 0, 0],
						"10.0417": [0, 0, 0],
						"12.875": [0, 0, 0],
						"13.25": [-90, 0, 0],
						"14.4167": [-90, 0, 0],
						"14.8333": [0, 0, 0],
						"16.7083": [0, 0, 0],
						"17.3333": [0, 0, 0],
						"18.2083": [0, 0, 0],
						"18.5833": [-90, 0, 0],
						"19.75": [-90, 0, 0],
						"20.1667": [0, 0, 0],
						"21.2917": [0, 0, 0],
						"21.7917": [12.5, 0, 0],
						"22.4583": [12.5, 0, 0],
						"22.8333": [-62.5, 0, 0],
						"23.7083": [-62.5, 0, 0],
						"24.1667": [12.5, 0, 0],
						"24.9167": [12.5, 0, 0],
						"25.2917": [-62.5, 0, 0],
						"26.8333": [-62.5, 0, 0],
						"31.0833": [-62.5, 0, 0],
						"31.4167": [0, 0, 0]
					},
					"position": {
						"0.0": [0, 0, 0],
						"2.5": [0, 0, 0],
						"4.4583": [0, 0, 0],
						"6.0": [0, 0, 0],
						"7.1667": [0, 0, 0],
						"7.5417": [0, 3, 0],
						"8.4167": [0, 3, 0],
						"8.875": [0, 0, 0],
						"9.625": [0, 0, 0],
						"10.0417": [0, 0, 0],
						"12.4583": [0, 0, 0],
						"14.4167": [0, 0, 0],
						"16.7083": [0, 0, 0],
						"17.3333": [0, 0, 0],
						"17.7917": [0, 0, 0],
						"19.75": [0, 0, 0],
						"21.2917": [0, 0, 0],
						"22.4583": [0, 0, 0],
						"22.8333": [0, 3, 0],
						"23.7083": [0, 3, 0],
						"24.1667": [0, 0, 0],
						"24.9167": [0, 0, 0],
						"25.2917": [0, 3, 0],
						"26.8333": [0, 3, 0],
						"31.0833": [0, 3, 0],
						"31.4167": [0, 0, 0]
					}
				}
			}
		},
		"animation.villager_v2.sholat.magrib": {
			"animation_length": 35.54167,
			"bones": {
				"head": {
					"rotation": {
						"0.0": [0, 0, 0],
						"0.125": [0, 0, 0],
						"0.4583": [17.5, 0, 0],
						"2.5": [17.5, 0, 0],
						"2.8333": [0, 0, 0],
						"4.875": [0, 0, 0],
						"5.1667": [10, 0, 0],
						"6.0": [10, 0, 0],
						"6.5": [47.5, 0, 0],
						"7.1667": [47.5, 0, 0],
						"7.5417": [20, 0, 0],
						"8.4167": [20, 0, 0],
						"8.875": [47.5, 0, 0],
						"9.625": [47.5, 0, 0],
						"10.0417": [0, 0, 0],
						"10.1667": [0, 0, 0],
						"10.5": [17.5, 0, 0],
						"11.5417": [17.5, 0, 0],
						"12.125": [17.5, 0, 0],
						"12.4583": [0, 0, 0],
						"14.5": [0, 0, 0],
						"14.7917": [10, 0, 0],
						"15.625": [10, 0, 0],
						"16.125": [47.5, 0, 0],
						"16.7917": [47.5, 0, 0],
						"17.1667": [20, 0, 0],
						"18.0417": [20, 0, 0],
						"18.5": [47.5, 0, 0],
						"19.25": [47.5, 0, 0],
						"19.6667": [0, 0, 0],
						"19.7917": [0, 0, 0],
						"20.125": [17.5, 0, 0],
						"21.4583": [10, 0, 0],
						"21.9167": [17.5, 0, 0],
						"22.25": [0, 0, 0],
						"24.2917": [0, 0, 0],
						"24.5833": [10, 0, 0],
						"25.4167": [10, 0, 0],
						"25.9167": [47.5, 0, 0],
						"26.5833": [47.5, 0, 0],
						"26.9583": [20, 0, 0],
						"27.8333": [20, 0, 0],
						"28.2917": [47.5, 0, 0],
						"29.0417": [47.5, 0, 0],
						"29.4167": [20, 0, 0],
						"30.9583": [20, 0, 0],
						"31.4583": [-7.5, 0, 0],
						"31.8333": [-7.5, 0, 0],
						"32.25": [-18.98448, 66.34466, -17.49058],
						"32.6667": [-18.98, 66.34, -17.49],
						"33.125": [-7.5, 0, 0],
						"33.5": [-7.5, 0, 0],
						"33.9583": [-18.98448, -66.34466, 17.49058],
						"34.4167": [-18.98, -66.34, 17.49],
						"34.8333": [-7.5, 0, 0],
						"35.2083": [7.5, 0, 0],
						"35.5417": [0, 0, 0]
					},
					"position": {
						"0.0": [0, 0, 0],
						"7.1667": [0, 0, 0],
						"8.4167": [0, 0, 0],
						"8.875": [0, 0, 0],
						"9.625": [0, 0, 0],
						"10.0417": [0, 0, 0],
						"11.5417": [0, 0, 0],
						"16.7917": [0, 0, 0],
						"18.0417": [0, 0, 0],
						"18.5": [0, 0, 0],
						"19.25": [0, 0, 0],
						"19.6667": [0, 0, 0],
						"21.4583": [0, 0, 0],
						"26.5833": [0, 0, 0],
						"27.8333": [0, 0, 0],
						"28.2917": [0, 0, 0],
						"29.0417": [0, 0, 0],
						"30.9583": [0, 0, 0],
						"35.2083": [0, 0, 0],
						"35.5417": [0, 0, 0]
					}
				},
				"brim": {
					"rotation": {
						"0.0": [0, 0, 0],
						"9.625": [0, 0, 0],
						"10.0417": [0, 0, 0],
						"11.5417": [0, 0, 0],
						"19.25": [0, 0, 0],
						"19.6667": [0, 0, 0],
						"21.4583": [0, 0, 0],
						"29.0417": [0, 0, 0],
						"35.2083": [0, 0, 0],
						"35.5417": [0, 0, 0]
					},
					"position": {
						"0.0": [0, 0, 0],
						"9.625": [0, 0, 0],
						"10.0417": [0, 0, 0],
						"11.5417": [0, 0, 0],
						"19.25": [0, 0, 0],
						"19.6667": [0, 0, 0],
						"21.4583": [0, 0, 0],
						"29.0417": [0, 0, 0],
						"35.2083": [0, 0, 0],
						"35.5417": [0, 0, 0]
					}
				},
				"body": {
					"rotation": {
						"0.0": [0, 0, 0],
						"2.9167": [0, 0, 0],
						"3.2917": [90, 0, 0],
						"4.4583": [90, 0, 0],
						"4.875": [0, 0, 0],
						"6.0": [0, 0, 0],
						"6.5": [70, 0, 0],
						"7.1667": [70, 0, 0],
						"7.5417": [7.5, 0, 0],
						"8.4167": [7.5, 0, 0],
						"8.875": [70, 0, 0],
						"9.625": [70, 0, 0],
						"10.0417": [0, 0, 0],
						"11.5417": [0, 0, 0],
						"12.5417": [0, 0, 0],
						"12.9167": [90, 0, 0],
						"14.0833": [90, 0, 0],
						"14.5": [0, 0, 0],
						"15.625": [0, 0, 0],
						"16.125": [70, 0, 0],
						"16.7917": [70, 0, 0],
						"17.1667": [7.5, 0, 0],
						"18.0417": [7.5, 0, 0],
						"18.5": [70, 0, 0],
						"19.25": [70, 0, 0],
						"19.6667": [0, 0, 0],
						"21.4583": [0, 0, 0],
						"22.3333": [0, 0, 0],
						"22.7083": [90, 0, 0],
						"23.875": [90, 0, 0],
						"24.2917": [0, 0, 0],
						"25.4167": [0, 0, 0],
						"25.9167": [70, 0, 0],
						"26.5833": [70, 0, 0],
						"26.9583": [7.5, 0, 0],
						"27.8333": [7.5, 0, 0],
						"28.2917": [70, 0, 0],
						"29.0417": [70, 0, 0],
						"29.4167": [7.5, 0, 0],
						"30.9583": [7.5, 0, 0],
						"35.2083": [7.5, 0, 0],
						"35.5417": [0, 0, 0]
					},
					"position": {
						"0.0": [0, 0, 0],
						"2.9167": [0, 0, 0],
						"2.9583": [0, 0.33, 2.22],
						"3.0": [0, 0.79, 4.32],
						"3.0417": [0, 1.69, 6.27],
						"3.0833": [0, 2.99, 8.23],
						"3.125": [0, 4.39, 9.78],
						"3.1667": [0, 6.09, 11.08],
						"3.2083": [0, 7.86, 12.05],
						"3.25": [0, 9.93, 12.53],
						"3.2917": [0, 12, 12],
						"4.4583": [0, 12, 12],
						"4.5": [0, 10, 12],
						"4.5417": [0, 7.93, 12.53],
						"4.5833": [0, 6.86, 12.05],
						"4.625": [0, 5.09, 11.08],
						"4.6667": [0, 3.39, 9.78],
						"4.7083": [0, 1.99, 8.23],
						"4.75": [0, 1.19, 6.27],
						"4.7917": [0, 0.79, 4.32],
						"4.8333": [0, 0.33, 2.22],
						"4.875": [0, 0, 0],
						"6.0": [0, 0, 0],
						"6.5": [0, -1, 6],
						"7.1667": [0, -1, 6],
						"7.25": [0, -0.22, 5.56],
						"7.3333": [0, -1.59, 5.11],
						"7.4167": [0, -3.15, 4.67],
						"7.5417": [0, -11, 4],
						"8.4167": [0, -11, 4],
						"8.875": [0, -1, 6],
						"9.625": [0, -1, 6],
						"10.0417": [0, 0, 0],
						"11.5417": [0, 0, 0],
						"12.5417": [0, 0, 0],
						"12.5833": [0, 0.33, 2.22],
						"12.625": [0, 0.79, 4.32],
						"12.6667": [0, 1.69, 6.27],
						"12.7083": [0, 2.99, 8.23],
						"12.75": [0, 4.39, 9.78],
						"12.7917": [0, 6.09, 11.08],
						"12.8333": [0, 7.86, 12.05],
						"12.875": [0, 9.93, 12.53],
						"12.9167": [0, 12, 12],
						"14.0833": [0, 12, 12],
						"14.125": [0, 10, 12],
						"14.1667": [0, 7.93, 12.53],
						"14.2083": [0, 6.86, 12.05],
						"14.25": [0, 5.09, 11.08],
						"14.2917": [0, 3.39, 9.78],
						"14.3333": [0, 1.99, 8.23],
						"14.375": [0, 1.19, 6.27],
						"14.4167": [0, 0.79, 4.32],
						"14.4583": [0, 0.33, 2.22],
						"14.5": [0, 0, 0],
						"15.625": [0, 0, 0],
						"16.125": [0, -1, 6],
						"16.7917": [0, -1, 6],
						"16.875": [0, -0.22, 5.56],
						"16.9583": [0, -1.59, 5.11],
						"17.0417": [0, -3.15, 4.67],
						"17.1667": [0, -11, 4],
						"18.0417": [0, -11, 4],
						"18.5": [0, -1, 6],
						"19.25": [0, -1, 6],
						"19.6667": [0, 0, 0],
						"21.4583": [0, 0, 0],
						"22.3333": [0, 0, 0],
						"22.375": [0, 0.33, 2.22],
						"22.4167": [0, 0.79, 4.32],
						"22.4583": [0, 1.69, 6.27],
						"22.5": [0, 2.99, 8.23],
						"22.5417": [0, 4.39, 9.78],
						"22.5833": [0, 6.09, 11.08],
						"22.625": [0, 7.86, 12.05],
						"22.6667": [0, 9.93, 12.53],
						"22.7083": [0, 12, 12],
						"23.875": [0, 12, 12],
						"23.9167": [0, 10, 12],
						"23.9583": [0, 7.93, 12.53],
						"24.0": [0, 6.86, 12.05],
						"24.0417": [0, 5.09, 11.08],
						"24.0833": [0, 3.39, 9.78],
						"24.125": [0, 1.99, 8.23],
						"24.1667": [0, 1.19, 6.27],
						"24.2083": [0, 0.79, 4.32],
						"24.25": [0, 0.33, 2.22],
						"24.2917": [0, 0, 0],
						"25.4167": [0, 0, 0],
						"25.9167": [0, -1, 6],
						"26.5833": [0, -1, 6],
						"26.6667": [0, -0.22, 5.56],
						"26.75": [0, -1.59, 5.11],
						"26.8333": [0, -3.15, 4.67],
						"26.9583": [0, -11, 4],
						"27.8333": [0, -11, 4],
						"28.2917": [0, -1, 6],
						"29.0417": [0, -1, 6],
						"29.125": [0, -0.22, 5.56],
						"29.2083": [0, -1.59, 5.11],
						"29.2917": [0, -3.15, 4.67],
						"29.4167": [0, -11, 4],
						"30.9583": [0, -11, 4],
						"35.2083": [0, -11, 4],
						"35.5417": [0, 0, 0]
					}
				},
				"arms": {
					"rotation": {
						"0.0": [-52.5, 0, 0],
						"0.3333": [-70, 0, 0],
						"0.625": [-50, 0, 0],
						"2.5": [-50, 0, 0],
						"2.9583": [-75, 0, 0],
						"3.3333": [-50, 0, 0],
						"4.4583": [-50, 0, 0],
						"4.6667": [-50, 0, 0],
						"4.875": [-75, 0, 0],
						"5.2083": [-50, 0, 0],
						"6.0": [-50, 0, 0],
						"6.5": [-125, 0, 0],
						"7.1667": [-125, 0, 0],
						"7.5417": [-45, 0, 0],
						"8.4167": [-45, 0, 0],
						"8.875": [-125, 0, 0],
						"9.625": [-125, 0, 0],
						"10.0417": [-52.5, 0, 0],
						"10.375": [-70, 0, 0],
						"10.6667": [-50, 0, 0],
						"11.5417": [-50, 0, 0],
						"12.125": [-50, 0, 0],
						"12.5833": [-75, 0, 0],
						"12.9583": [-50, 0, 0],
						"14.0833": [-50, 0, 0],
						"14.2917": [-50, 0, 0],
						"14.5": [-75, 0, 0],
						"14.8333": [-50, 0, 0],
						"15.625": [-50, 0, 0],
						"16.125": [-125, 0, 0],
						"16.7917": [-125, 0, 0],
						"17.1667": [-45, 0, 0],
						"18.0417": [-45, 0, 0],
						"18.5": [-125, 0, 0],
						"19.25": [-125, 0, 0],
						"19.6667": [-52.5, 0, 0],
						"21.4583": [-55, 0, 0],
						"21.9167": [-50, 0, 0],
						"22.375": [-75, 0, 0],
						"22.75": [-50, 0, 0],
						"23.875": [-50, 0, 0],
						"24.0833": [-50, 0, 0],
						"24.2917": [-75, 0, 0],
						"24.625": [-50, 0, 0],
						"25.4167": [-50, 0, 0],
						"25.9167": [-125, 0, 0],
						"26.5833": [-125, 0, 0],
						"26.9583": [-45, 0, 0],
						"27.8333": [-45, 0, 0],
						"28.2917": [-125, 0, 0],
						"29.0417": [-125, 0, 0],
						"29.4167": [-45, 0, 0],
						"30.9583": [-45, 0, 0],
						"35.2083": [-45, 0, 0],
						"35.5417": [-52.5, 0, 0]
					},
					"position": {
						"0.0": [0, 0, 0],
						"3.0833": [0, 0, 0],
						"3.2917": [0, -3, 0],
						"4.4583": [0, -3, 0],
						"4.6667": [0, -3, 0],
						"4.875": [0, 0, 0],
						"6.0": [0, 0, 0],
						"6.5": [0, 0, -3],
						"7.1667": [0, 0, -3],
						"7.5417": [0, -2, -1],
						"8.4167": [0, -2, -1],
						"8.875": [0, 0, -3],
						"9.625": [0, 0, -3],
						"10.0417": [0, 0, 0],
						"11.5417": [0, 0, 0],
						"12.7083": [0, 0, 0],
						"12.9167": [0, -3, 0],
						"14.0833": [0, -3, 0],
						"14.2917": [0, -3, 0],
						"14.5": [0, 0, 0],
						"15.625": [0, 0, 0],
						"16.125": [0, 0, -3],
						"16.7917": [0, 0, -3],
						"17.1667": [0, -2, -1],
						"18.0417": [0, -2, -1],
						"18.5": [0, 0, -3],
						"19.25": [0, 0, -3],
						"19.6667": [0, 0, 0],
						"21.4583": [0, 0, 0],
						"22.5": [0, 0, 0],
						"22.7083": [0, -3, 0],
						"23.875": [0, -3, 0],
						"24.0833": [0, -3, 0],
						"24.2917": [0, 0, 0],
						"25.4167": [0, 0, 0],
						"25.9167": [0, 0, -3],
						"26.5833": [0, 0, -3],
						"26.9583": [0, -2, -1],
						"27.8333": [0, -2, -1],
						"28.2917": [0, 0, -3],
						"29.0417": [0, 0, -3],
						"29.4167": [0, -2, -1],
						"30.9583": [0, -2, -1],
						"35.2083": [0, -2, -1],
						"35.5417": [0, 0, 0]
					}
				},
				"leg0": {
					"rotation": {
						"0.0": [0, 0, 0],
						"2.5": [0, 0, 0],
						"2.9167": [0, 0, 0],
						"3.2917": [-90, 0, 0],
						"4.4583": [-90, 0, 0],
						"4.875": [0, 0, 0],
						"6.0": [0, 0, 0],
						"6.5": [12.5, 0, 0],
						"7.1667": [12.5, 0, 0],
						"7.5417": [-62.5, 0, 0],
						"8.4167": [-62.5, 0, 0],
						"8.875": [12.5, 0, 0],
						"9.625": [12.5, 0, 0],
						"10.0417": [0, 0, 0],
						"11.5417": [0, 0, 0],
						"12.125": [0, 0, 0],
						"12.5417": [0, 0, 0],
						"12.9167": [-90, 0, 0],
						"14.0833": [-90, 0, 0],
						"14.5": [0, 0, 0],
						"15.625": [0, 0, 0],
						"16.125": [12.5, 0, 0],
						"16.7917": [12.5, 0, 0],
						"17.1667": [-62.5, 0, 0],
						"18.0417": [-62.5, 0, 0],
						"18.5": [12.5, 0, 0],
						"19.25": [12.5, 0, 0],
						"19.6667": [0, 0, 0],
						"21.4583": [0, 0, 0],
						"21.9167": [0, 0, 0],
						"22.3333": [0, 0, 0],
						"22.7083": [-90, 0, 0],
						"23.875": [-90, 0, 0],
						"24.2917": [0, 0, 0],
						"25.4167": [0, 0, 0],
						"25.9167": [12.5, 0, 0],
						"26.5833": [12.5, 0, 0],
						"26.9583": [-62.5, 0, 0],
						"27.8333": [-62.5, 0, 0],
						"28.2917": [12.5, 0, 0],
						"29.0417": [12.5, 0, 0],
						"29.4167": [-62.5, 0, 0],
						"30.9583": [-62.5, 0, 0],
						"35.2083": [-62.5, 0, 0],
						"35.5417": [0, 0, 0]
					},
					"position": {
						"0.0": [0, 0, 0],
						"4.4583": [0, 0, 0],
						"6.0": [0, 0, 0],
						"7.1667": [0, 0, 0],
						"7.5417": [0, 3, 0],
						"8.4167": [0, 3, 0],
						"8.875": [0, 0, 0],
						"9.625": [0, 0, 0],
						"10.0417": [0, 0, 0],
						"11.5417": [0, 0, 0],
						"14.0833": [0, 0, 0],
						"15.625": [0, 0, 0],
						"16.7917": [0, 0, 0],
						"17.1667": [0, 3, 0],
						"18.0417": [0, 3, 0],
						"18.5": [0, 0, 0],
						"19.25": [0, 0, 0],
						"19.6667": [0, 0, 0],
						"21.4583": [0, 0, 0],
						"23.875": [0, 0, 0],
						"25.4167": [0, 0, 0],
						"26.5833": [0, 0, 0],
						"26.9583": [0, 3, 0],
						"27.8333": [0, 3, 0],
						"28.2917": [0, 0, 0],
						"29.0417": [0, 0, 0],
						"29.4167": [0, 3, 0],
						"30.9583": [0, 3, 0],
						"35.2083": [0, 3, 0],
						"35.5417": [0, 0, 0]
					}
				},
				"leg1": {
					"rotation": {
						"0.0": [0, 0, 0],
						"2.9167": [0, 0, 0],
						"3.2917": [-90, 0, 0],
						"4.4583": [-90, 0, 0],
						"4.875": [0, 0, 0],
						"6.0": [0, 0, 0],
						"6.5": [12.5, 0, 0],
						"7.1667": [12.5, 0, 0],
						"7.5417": [-62.5, 0, 0],
						"8.4167": [-62.5, 0, 0],
						"8.875": [12.5, 0, 0],
						"9.625": [12.5, 0, 0],
						"10.0417": [0, 0, 0],
						"11.5417": [0, 0, 0],
						"12.5417": [0, 0, 0],
						"12.9167": [-90, 0, 0],
						"14.0833": [-90, 0, 0],
						"14.5": [0, 0, 0],
						"15.625": [0, 0, 0],
						"16.125": [12.5, 0, 0],
						"16.7917": [12.5, 0, 0],
						"17.1667": [-62.5, 0, 0],
						"18.0417": [-62.5, 0, 0],
						"18.5": [12.5, 0, 0],
						"19.25": [12.5, 0, 0],
						"19.6667": [0, 0, 0],
						"21.4583": [0, 0, 0],
						"22.3333": [0, 0, 0],
						"22.7083": [-90, 0, 0],
						"23.875": [-90, 0, 0],
						"24.2917": [0, 0, 0],
						"25.4167": [0, 0, 0],
						"25.9167": [12.5, 0, 0],
						"26.5833": [12.5, 0, 0],
						"26.9583": [-62.5, 0, 0],
						"27.8333": [-62.5, 0, 0],
						"28.2917": [12.5, 0, 0],
						"29.0417": [12.5, 0, 0],
						"29.4167": [-62.5, 0, 0],
						"30.9583": [-62.5, 0, 0],
						"35.2083": [-62.5, 0, 0],
						"35.5417": [0, 0, 0]
					},
					"position": {
						"0.0": [0, 0, 0],
						"2.5": [0, 0, 0],
						"4.4583": [0, 0, 0],
						"6.0": [0, 0, 0],
						"7.1667": [0, 0, 0],
						"7.5417": [0, 3, 0],
						"8.4167": [0, 3, 0],
						"8.875": [0, 0, 0],
						"9.625": [0, 0, 0],
						"10.0417": [0, 0, 0],
						"11.5417": [0, 0, 0],
						"12.125": [0, 0, 0],
						"14.0833": [0, 0, 0],
						"15.625": [0, 0, 0],
						"16.7917": [0, 0, 0],
						"17.1667": [0, 3, 0],
						"18.0417": [0, 3, 0],
						"18.5": [0, 0, 0],
						"19.25": [0, 0, 0],
						"19.6667": [0, 0, 0],
						"21.4583": [0, 0, 0],
						"21.9167": [0, 0, 0],
						"23.875": [0, 0, 0],
						"25.4167": [0, 0, 0],
						"26.5833": [0, 0, 0],
						"26.9583": [0, 3, 0],
						"27.8333": [0, 3, 0],
						"28.2917": [0, 0, 0],
						"29.0417": [0, 0, 0],
						"29.4167": [0, 3, 0],
						"30.9583": [0, 3, 0],
						"35.2083": [0, 3, 0],
						"35.5417": [0, 0, 0]
					}
				}
			}
		},
		"animation.villager_v2.sholat.empat": {
			"animation_length": 45.33333,
			"bones": {
				"head": {
					"rotation": {
						"0.0": [0, 0, 0],
						"0.125": [0, 0, 0],
						"0.4583": [17.5, 0, 0],
						"2.5": [17.5, 0, 0],
						"2.8333": [0, 0, 0],
						"4.875": [0, 0, 0],
						"5.1667": [10, 0, 0],
						"6.0": [10, 0, 0],
						"6.5": [47.5, 0, 0],
						"7.1667": [47.5, 0, 0],
						"7.5417": [20, 0, 0],
						"8.4167": [20, 0, 0],
						"8.875": [47.5, 0, 0],
						"9.625": [47.5, 0, 0],
						"10.0417": [0, 0, 0],
						"10.1667": [0, 0, 0],
						"10.5": [17.5, 0, 0],
						"11.5417": [17.5, 0, 0],
						"12.125": [17.5, 0, 0],
						"12.4583": [0, 0, 0],
						"14.5": [0, 0, 0],
						"14.7917": [10, 0, 0],
						"15.625": [10, 0, 0],
						"16.125": [47.5, 0, 0],
						"16.7917": [47.5, 0, 0],
						"17.1667": [20, 0, 0],
						"18.0417": [20, 0, 0],
						"18.5": [47.5, 0, 0],
						"19.25": [47.5, 0, 0],
						"19.6667": [0, 0, 0],
						"19.7917": [0, 0, 0],
						"20.125": [17.5, 0, 0],
						"21.3333": [17.15, 0, 0],
						"21.7917": [17.5, 0, 0],
						"22.125": [0, 0, 0],
						"24.1667": [0, 0, 0],
						"24.4583": [10, 0, 0],
						"25.2917": [10, 0, 0],
						"25.7917": [47.5, 0, 0],
						"26.4583": [47.5, 0, 0],
						"26.8333": [20, 0, 0],
						"27.7083": [20, 0, 0],
						"28.1667": [47.5, 0, 0],
						"28.9167": [47.5, 0, 0],
						"29.3333": [10, 0, 0],
						"31.25": [10, 0, 0],
						"31.7083": [17.5, 0, 0],
						"32.0417": [0, 0, 0],
						"34.0833": [0, 0, 0],
						"34.375": [10, 0, 0],
						"35.2083": [10, 0, 0],
						"35.7083": [47.5, 0, 0],
						"36.375": [47.5, 0, 0],
						"36.75": [20, 0, 0],
						"37.625": [20, 0, 0],
						"38.0833": [47.5, 0, 0],
						"38.8333": [47.5, 0, 0],
						"39.2083": [20, 0, 0],
						"40.75": [20, 0, 0],
						"41.25": [-7.5, 0, 0],
						"41.625": [-7.5, 0, 0],
						"42.0417": [-18.98448, 66.34466, -17.49058],
						"42.4583": [-18.98, 66.34, -17.49],
						"42.9167": [-7.5, 0, 0],
						"43.2917": [-7.5, 0, 0],
						"43.75": [-18.98448, -66.34466, 17.49058],
						"44.2083": [-18.98, -66.34, 17.49],
						"44.625": [-7.5, 0, 0],
						"45.0": [7.5, 0, 0],
						"45.3333": [0, 0, 0]
					},
					"position": {
						"0.0": [0, 0, 0],
						"7.1667": [0, 0, 0],
						"8.4167": [0, 0, 0],
						"8.875": [0, 0, 0],
						"9.625": [0, 0, 0],
						"10.0417": [0, 0, 0],
						"11.5417": [0, 0, 0],
						"16.7917": [0, 0, 0],
						"18.0417": [0, 0, 0],
						"18.5": [0, 0, 0],
						"19.25": [0, 0, 0],
						"19.6667": [0, 0, 0],
						"21.3333": [0, 0, 0],
						"26.4583": [0, 0, 0],
						"27.7083": [0, 0, 0],
						"28.1667": [0, 0, 0],
						"28.9167": [0, 0, 0],
						"29.3333": [0, 0, 0],
						"31.25": [0, 0, 0],
						"36.375": [0, 0, 0],
						"37.625": [0, 0, 0],
						"38.0833": [0, 0, 0],
						"38.8333": [0, 0, 0],
						"40.75": [0, 0, 0],
						"45.0": [0, 0, 0],
						"45.3333": [0, 0, 0]
					}
				},
				"brim": {
					"rotation": {
						"0.0": [0, 0, 0],
						"9.625": [0, 0, 0],
						"10.0417": [0, 0, 0],
						"11.5417": [0, 0, 0],
						"19.25": [0, 0, 0],
						"19.6667": [0, 0, 0],
						"21.3333": [0, 0, 0],
						"28.9167": [0, 0, 0],
						"29.3333": [0, 0, 0],
						"31.25": [0, 0, 0],
						"38.8333": [0, 0, 0],
						"45.0": [0, 0, 0],
						"45.3333": [0, 0, 0]
					},
					"position": {
						"0.0": [0, 0, 0],
						"9.625": [0, 0, 0],
						"10.0417": [0, 0, 0],
						"11.5417": [0, 0, 0],
						"19.25": [0, 0, 0],
						"19.6667": [0, 0, 0],
						"21.3333": [0, 0, 0],
						"28.9167": [0, 0, 0],
						"29.3333": [0, 0, 0],
						"31.25": [0, 0, 0],
						"38.8333": [0, 0, 0],
						"45.0": [0, 0, 0],
						"45.3333": [0, 0, 0]
					}
				},
				"body": {
					"rotation": {
						"0.0": [0, 0, 0],
						"2.9167": [0, 0, 0],
						"3.2917": [90, 0, 0],
						"4.4583": [90, 0, 0],
						"4.875": [0, 0, 0],
						"6.0": [0, 0, 0],
						"6.5": [70, 0, 0],
						"7.1667": [70, 0, 0],
						"7.5417": [7.5, 0, 0],
						"8.4167": [7.5, 0, 0],
						"8.875": [70, 0, 0],
						"9.625": [70, 0, 0],
						"10.0417": [0, 0, 0],
						"11.5417": [0, 0, 0],
						"12.5417": [0, 0, 0],
						"12.9167": [90, 0, 0],
						"14.0833": [90, 0, 0],
						"14.5": [0, 0, 0],
						"15.625": [0, 0, 0],
						"16.125": [70, 0, 0],
						"16.7917": [70, 0, 0],
						"17.1667": [7.5, 0, 0],
						"18.0417": [7.5, 0, 0],
						"18.5": [70, 0, 0],
						"19.25": [70, 0, 0],
						"19.6667": [0, 0, 0],
						"21.3333": [0, 0, 0],
						"22.2083": [0, 0, 0],
						"22.5833": [90, 0, 0],
						"23.75": [90, 0, 0],
						"24.1667": [0, 0, 0],
						"25.2917": [0, 0, 0],
						"25.7917": [70, 0, 0],
						"26.4583": [70, 0, 0],
						"26.8333": [7.5, 0, 0],
						"27.7083": [7.5, 0, 0],
						"28.1667": [70, 0, 0],
						"28.9167": [70, 0, 0],
						"29.3333": [0, 0, 0],
						"31.25": [0, 0, 0],
						"32.125": [0, 0, 0],
						"32.5": [90, 0, 0],
						"33.6667": [90, 0, 0],
						"34.0833": [0, 0, 0],
						"35.2083": [0, 0, 0],
						"35.7083": [70, 0, 0],
						"36.375": [70, 0, 0],
						"36.75": [7.5, 0, 0],
						"37.625": [7.5, 0, 0],
						"38.0833": [70, 0, 0],
						"38.8333": [70, 0, 0],
						"39.2083": [7.5, 0, 0],
						"40.75": [7.5, 0, 0],
						"45.0": [7.5, 0, 0],
						"45.3333": [0, 0, 0]
					},
					"position": {
						"0.0": [0, 0, 0],
						"2.9167": [0, 0, 0],
						"2.9583": [0, 0.33, 2.22],
						"3.0": [0, 0.79, 4.32],
						"3.0417": [0, 1.69, 6.27],
						"3.0833": [0, 2.99, 8.23],
						"3.125": [0, 4.39, 9.78],
						"3.1667": [0, 6.09, 11.08],
						"3.2083": [0, 7.86, 12.05],
						"3.25": [0, 9.93, 12.53],
						"3.2917": [0, 12, 12],
						"4.4583": [0, 12, 12],
						"4.5": [0, 10, 12],
						"4.5417": [0, 7.93, 12.53],
						"4.5833": [0, 6.86, 12.05],
						"4.625": [0, 5.09, 11.08],
						"4.6667": [0, 3.39, 9.78],
						"4.7083": [0, 1.99, 8.23],
						"4.75": [0, 1.19, 6.27],
						"4.7917": [0, 0.79, 4.32],
						"4.8333": [0, 0.33, 2.22],
						"4.875": [0, 0, 0],
						"6.0": [0, 0, 0],
						"6.5": [0, -1, 6],
						"7.1667": [0, -1, 6],
						"7.25": [0, -0.22, 5.56],
						"7.3333": [0, -1.59, 5.11],
						"7.4167": [0, -3.15, 4.67],
						"7.5417": [0, -11, 4],
						"8.4167": [0, -11, 4],
						"8.875": [0, -1, 6],
						"9.625": [0, -1, 6],
						"10.0417": [0, 0, 0],
						"11.5417": [0, 0, 0],
						"12.5417": [0, 0, 0],
						"12.5833": [0, 0.33, 2.22],
						"12.625": [0, 0.79, 4.32],
						"12.6667": [0, 1.69, 6.27],
						"12.7083": [0, 2.99, 8.23],
						"12.75": [0, 4.39, 9.78],
						"12.7917": [0, 6.09, 11.08],
						"12.8333": [0, 7.86, 12.05],
						"12.875": [0, 9.93, 12.53],
						"12.9167": [0, 12, 12],
						"14.0833": [0, 12, 12],
						"14.125": [0, 10, 12],
						"14.1667": [0, 7.93, 12.53],
						"14.2083": [0, 6.86, 12.05],
						"14.25": [0, 5.09, 11.08],
						"14.2917": [0, 3.39, 9.78],
						"14.3333": [0, 1.99, 8.23],
						"14.375": [0, 1.19, 6.27],
						"14.4167": [0, 0.79, 4.32],
						"14.4583": [0, 0.33, 2.22],
						"14.5": [0, 0, 0],
						"15.625": [0, 0, 0],
						"16.125": [0, -1, 6],
						"16.7917": [0, -1, 6],
						"16.875": [0, -0.22, 5.56],
						"16.9583": [0, -1.59, 5.11],
						"17.0417": [0, -3.15, 4.67],
						"17.1667": [0, -11, 4],
						"18.0417": [0, -11, 4],
						"18.5": [0, -1, 6],
						"19.25": [0, -1, 6],
						"19.6667": [0, 0, 0],
						"21.3333": [0, 0, 0],
						"22.2083": [0, 0, 0],
						"22.25": [0, 0.33, 2.22],
						"22.2917": [0, 0.79, 4.32],
						"22.3333": [0, 1.69, 6.27],
						"22.375": [0, 2.99, 8.23],
						"22.4167": [0, 4.39, 9.78],
						"22.4583": [0, 6.09, 11.08],
						"22.5": [0, 7.86, 12.05],
						"22.5417": [0, 9.93, 12.53],
						"22.5833": [0, 12, 12],
						"23.75": [0, 12, 12],
						"23.7917": [0, 10, 12],
						"23.8333": [0, 7.93, 12.53],
						"23.875": [0, 6.86, 12.05],
						"23.9167": [0, 5.09, 11.08],
						"23.9583": [0, 3.39, 9.78],
						"24.0": [0, 1.99, 8.23],
						"24.0417": [0, 1.19, 6.27],
						"24.0833": [0, 0.79, 4.32],
						"24.125": [0, 0.33, 2.22],
						"24.1667": [0, 0, 0],
						"25.2917": [0, 0, 0],
						"25.7917": [0, -1, 6],
						"26.4583": [0, -1, 6],
						"26.5417": [0, -0.22, 5.56],
						"26.625": [0, -1.59, 5.11],
						"26.7083": [0, -3.15, 4.67],
						"26.8333": [0, -11, 4],
						"27.7083": [0, -11, 4],
						"28.1667": [0, -1, 6],
						"28.9167": [0, -1, 6],
						"29.3333": [0, 0, 0],
						"31.25": [0, 0, 0],
						"32.125": [0, 0, 0],
						"32.1667": [0, 0.33, 2.22],
						"32.2083": [0, 0.79, 4.32],
						"32.25": [0, 1.69, 6.27],
						"32.2917": [0, 2.99, 8.23],
						"32.3333": [0, 4.39, 9.78],
						"32.375": [0, 6.09, 11.08],
						"32.4167": [0, 7.86, 12.05],
						"32.4583": [0, 9.93, 12.53],
						"32.5": [0, 12, 12],
						"33.6667": [0, 12, 12],
						"33.7083": [0, 10, 12],
						"33.75": [0, 7.93, 12.53],
						"33.7917": [0, 6.86, 12.05],
						"33.8333": [0, 5.09, 11.08],
						"33.875": [0, 3.39, 9.78],
						"33.9167": [0, 1.99, 8.23],
						"33.9583": [0, 1.19, 6.27],
						"34.0": [0, 0.79, 4.32],
						"34.0417": [0, 0.33, 2.22],
						"34.0833": [0, 0, 0],
						"35.2083": [0, 0, 0],
						"35.7083": [0, -1, 6],
						"36.375": [0, -1, 6],
						"36.4583": [0, -0.22, 5.56],
						"36.5417": [0, -1.59, 5.11],
						"36.625": [0, -3.15, 4.67],
						"36.75": [0, -11, 4],
						"37.625": [0, -11, 4],
						"38.0833": [0, -1, 6],
						"38.8333": [0, -1, 6],
						"38.9167": [0, -0.22, 5.56],
						"39.0": [0, -1.59, 5.11],
						"39.0833": [0, -3.15, 4.67],
						"39.2083": [0, -11, 4],
						"40.75": [0, -11, 4],
						"45.0": [0, -11, 4],
						"45.3333": [0, 0, 0]
					}
				},
				"arms": {
					"rotation": {
						"0.0": [-52.5, 0, 0],
						"0.3333": [-70, 0, 0],
						"0.625": [-50, 0, 0],
						"2.5": [-50, 0, 0],
						"2.9583": [-75, 0, 0],
						"3.3333": [-50, 0, 0],
						"4.4583": [-50, 0, 0],
						"4.6667": [-50, 0, 0],
						"4.875": [-75, 0, 0],
						"5.2083": [-50, 0, 0],
						"6.0": [-50, 0, 0],
						"6.5": [-125, 0, 0],
						"7.1667": [-125, 0, 0],
						"7.5417": [-45, 0, 0],
						"8.4167": [-45, 0, 0],
						"8.875": [-125, 0, 0],
						"9.625": [-125, 0, 0],
						"10.0417": [-52.5, 0, 0],
						"10.375": [-70, 0, 0],
						"10.6667": [-50, 0, 0],
						"11.5417": [-50, 0, 0],
						"12.125": [-50, 0, 0],
						"12.5833": [-75, 0, 0],
						"12.9583": [-50, 0, 0],
						"14.0833": [-50, 0, 0],
						"14.2917": [-50, 0, 0],
						"14.5": [-75, 0, 0],
						"14.8333": [-50, 0, 0],
						"15.625": [-50, 0, 0],
						"16.125": [-125, 0, 0],
						"16.7917": [-125, 0, 0],
						"17.1667": [-45, 0, 0],
						"18.0417": [-45, 0, 0],
						"18.5": [-125, 0, 0],
						"19.25": [-125, 0, 0],
						"19.6667": [-52.5, 0, 0],
						"21.3333": [-52.66, 0, 0],
						"21.7917": [-50, 0, 0],
						"22.25": [-75, 0, 0],
						"22.625": [-50, 0, 0],
						"23.75": [-50, 0, 0],
						"23.9583": [-50, 0, 0],
						"24.1667": [-75, 0, 0],
						"24.5": [-50, 0, 0],
						"25.2917": [-50, 0, 0],
						"25.7917": [-125, 0, 0],
						"26.4583": [-125, 0, 0],
						"26.8333": [-45, 0, 0],
						"27.7083": [-45, 0, 0],
						"28.1667": [-125, 0, 0],
						"28.9167": [-125, 0, 0],
						"29.3333": [-55, 0, 0],
						"31.25": [-55, 0, 0],
						"31.7083": [-50, 0, 0],
						"32.1667": [-75, 0, 0],
						"32.5417": [-50, 0, 0],
						"33.6667": [-50, 0, 0],
						"33.875": [-50, 0, 0],
						"34.0833": [-75, 0, 0],
						"34.4167": [-50, 0, 0],
						"35.2083": [-50, 0, 0],
						"35.7083": [-125, 0, 0],
						"36.375": [-125, 0, 0],
						"36.75": [-45, 0, 0],
						"37.625": [-45, 0, 0],
						"38.0833": [-125, 0, 0],
						"38.8333": [-125, 0, 0],
						"39.2083": [-45, 0, 0],
						"40.75": [-45, 0, 0],
						"45.0": [-45, 0, 0],
						"45.3333": [-52.5, 0, 0]
					},
					"position": {
						"0.0": [0, 0, 0],
						"3.0833": [0, 0, 0],
						"3.2917": [0, -3, 0],
						"4.4583": [0, -3, 0],
						"4.6667": [0, -3, 0],
						"4.875": [0, 0, 0],
						"6.0": [0, 0, 0],
						"6.5": [0, 0, -3],
						"7.1667": [0, 0, -3],
						"7.5417": [0, -2, -1],
						"8.4167": [0, -2, -1],
						"8.875": [0, 0, -3],
						"9.625": [0, 0, -3],
						"10.0417": [0, 0, 0],
						"11.5417": [0, 0, 0],
						"12.7083": [0, 0, 0],
						"12.9167": [0, -3, 0],
						"14.0833": [0, -3, 0],
						"14.2917": [0, -3, 0],
						"14.5": [0, 0, 0],
						"15.625": [0, 0, 0],
						"16.125": [0, 0, -3],
						"16.7917": [0, 0, -3],
						"17.1667": [0, -2, -1],
						"18.0417": [0, -2, -1],
						"18.5": [0, 0, -3],
						"19.25": [0, 0, -3],
						"19.6667": [0, 0, 0],
						"21.3333": [0, 0, 0],
						"22.375": [0, 0, 0],
						"22.5833": [0, -3, 0],
						"23.75": [0, -3, 0],
						"23.9583": [0, -3, 0],
						"24.1667": [0, 0, 0],
						"25.2917": [0, 0, 0],
						"25.7917": [0, 0, -3],
						"26.4583": [0, 0, -3],
						"26.8333": [0, -2, -1],
						"27.7083": [0, -2, -1],
						"28.1667": [0, 0, -3],
						"28.9167": [0, 0, -3],
						"29.3333": [0, 0, 0],
						"31.25": [0, 0, 0],
						"32.2917": [0, 0, 0],
						"32.5": [0, -3, 0],
						"33.6667": [0, -3, 0],
						"33.875": [0, -3, 0],
						"34.0833": [0, 0, 0],
						"35.2083": [0, 0, 0],
						"35.7083": [0, 0, -3],
						"36.375": [0, 0, -3],
						"36.75": [0, -2, -1],
						"37.625": [0, -2, -1],
						"38.0833": [0, 0, -3],
						"38.8333": [0, 0, -3],
						"39.2083": [0, -2, -1],
						"40.75": [0, -2, -1],
						"45.0": [0, -2, -1],
						"45.3333": [0, 0, 0]
					}
				},
				"leg0": {
					"rotation": {
						"0.0": [0, 0, 0],
						"2.5": [0, 0, 0],
						"2.9167": [0, 0, 0],
						"3.2917": [-90, 0, 0],
						"4.4583": [-90, 0, 0],
						"4.875": [0, 0, 0],
						"6.0": [0, 0, 0],
						"6.5": [12.5, 0, 0],
						"7.1667": [12.5, 0, 0],
						"7.5417": [-62.5, 0, 0],
						"8.4167": [-62.5, 0, 0],
						"8.875": [12.5, 0, 0],
						"9.625": [12.5, 0, 0],
						"10.0417": [0, 0, 0],
						"11.5417": [0, 0, 0],
						"12.125": [0, 0, 0],
						"12.5417": [0, 0, 0],
						"12.9167": [-90, 0, 0],
						"14.0833": [-90, 0, 0],
						"14.5": [0, 0, 0],
						"15.625": [0, 0, 0],
						"16.125": [12.5, 0, 0],
						"16.7917": [12.5, 0, 0],
						"17.1667": [-62.5, 0, 0],
						"18.0417": [-62.5, 0, 0],
						"18.5": [12.5, 0, 0],
						"19.25": [12.5, 0, 0],
						"19.6667": [0, 0, 0],
						"21.3333": [0, 0, 0],
						"21.7917": [0, 0, 0],
						"22.2083": [0, 0, 0],
						"22.5833": [-90, 0, 0],
						"23.75": [-90, 0, 0],
						"24.1667": [0, 0, 0],
						"25.2917": [0, 0, 0],
						"25.7917": [12.5, 0, 0],
						"26.4583": [12.5, 0, 0],
						"26.8333": [-62.5, 0, 0],
						"27.7083": [-62.5, 0, 0],
						"28.1667": [12.5, 0, 0],
						"28.9167": [12.5, 0, 0],
						"29.3333": [0, 0, 0],
						"31.25": [0, 0, 0],
						"31.7083": [0, 0, 0],
						"32.125": [0, 0, 0],
						"32.5": [-90, 0, 0],
						"33.6667": [-90, 0, 0],
						"34.0833": [0, 0, 0],
						"35.2083": [0, 0, 0],
						"35.7083": [12.5, 0, 0],
						"36.375": [12.5, 0, 0],
						"36.75": [-62.5, 0, 0],
						"37.625": [-62.5, 0, 0],
						"38.0833": [12.5, 0, 0],
						"38.8333": [12.5, 0, 0],
						"39.2083": [-62.5, 0, 0],
						"40.75": [-62.5, 0, 0],
						"45.0": [-62.5, 0, 0],
						"45.3333": [0, 0, 0]
					},
					"position": {
						"0.0": [0, 0, 0],
						"4.4583": [0, 0, 0],
						"6.0": [0, 0, 0],
						"7.1667": [0, 0, 0],
						"7.5417": [0, 3, 0],
						"8.4167": [0, 3, 0],
						"8.875": [0, 0, 0],
						"9.625": [0, 0, 0],
						"10.0417": [0, 0, 0],
						"11.5417": [0, 0, 0],
						"14.0833": [0, 0, 0],
						"15.625": [0, 0, 0],
						"16.7917": [0, 0, 0],
						"17.1667": [0, 3, 0],
						"18.0417": [0, 3, 0],
						"18.5": [0, 0, 0],
						"19.25": [0, 0, 0],
						"19.6667": [0, 0, 0],
						"21.3333": [0, 0, 0],
						"23.75": [0, 0, 0],
						"25.2917": [0, 0, 0],
						"26.4583": [0, 0, 0],
						"26.8333": [0, 3, 0],
						"27.7083": [0, 3, 0],
						"28.1667": [0, 0, 0],
						"28.9167": [0, 0, 0],
						"29.3333": [0, 0, 0],
						"31.25": [0, 0, 0],
						"33.6667": [0, 0, 0],
						"35.2083": [0, 0, 0],
						"36.375": [0, 0, 0],
						"36.75": [0, 3, 0],
						"37.625": [0, 3, 0],
						"38.0833": [0, 0, 0],
						"38.8333": [0, 0, 0],
						"39.2083": [0, 3, 0],
						"40.75": [0, 3, 0],
						"45.0": [0, 3, 0],
						"45.3333": [0, 0, 0]
					}
				},
				"leg1": {
					"rotation": {
						"0.0": [0, 0, 0],
						"2.9167": [0, 0, 0],
						"3.2917": [-90, 0, 0],
						"4.4583": [-90, 0, 0],
						"4.875": [0, 0, 0],
						"6.0": [0, 0, 0],
						"6.5": [12.5, 0, 0],
						"7.1667": [12.5, 0, 0],
						"7.5417": [-62.5, 0, 0],
						"8.4167": [-62.5, 0, 0],
						"8.875": [12.5, 0, 0],
						"9.625": [12.5, 0, 0],
						"10.0417": [0, 0, 0],
						"11.5417": [0, 0, 0],
						"12.5417": [0, 0, 0],
						"12.9167": [-90, 0, 0],
						"14.0833": [-90, 0, 0],
						"14.5": [0, 0, 0],
						"15.625": [0, 0, 0],
						"16.125": [12.5, 0, 0],
						"16.7917": [12.5, 0, 0],
						"17.1667": [-62.5, 0, 0],
						"18.0417": [-62.5, 0, 0],
						"18.5": [12.5, 0, 0],
						"19.25": [12.5, 0, 0],
						"19.6667": [0, 0, 0],
						"21.3333": [0, 0, 0],
						"22.2083": [0, 0, 0],
						"22.5833": [-90, 0, 0],
						"23.75": [-90, 0, 0],
						"24.1667": [0, 0, 0],
						"25.2917": [0, 0, 0],
						"25.7917": [12.5, 0, 0],
						"26.4583": [12.5, 0, 0],
						"26.8333": [-62.5, 0, 0],
						"27.7083": [-62.5, 0, 0],
						"28.1667": [12.5, 0, 0],
						"28.9167": [12.5, 0, 0],
						"29.3333": [0, 0, 0],
						"31.25": [0, 0, 0],
						"32.125": [0, 0, 0],
						"32.5": [-90, 0, 0],
						"33.6667": [-90, 0, 0],
						"34.0833": [0, 0, 0],
						"35.2083": [0, 0, 0],
						"35.7083": [12.5, 0, 0],
						"36.375": [12.5, 0, 0],
						"36.75": [-62.5, 0, 0],
						"37.625": [-62.5, 0, 0],
						"38.0833": [12.5, 0, 0],
						"38.8333": [12.5, 0, 0],
						"39.2083": [-62.5, 0, 0],
						"40.75": [-62.5, 0, 0],
						"45.0": [-62.5, 0, 0],
						"45.3333": [0, 0, 0]
					},
					"position": {
						"0.0": [0, 0, 0],
						"2.5": [0, 0, 0],
						"4.4583": [0, 0, 0],
						"6.0": [0, 0, 0],
						"7.1667": [0, 0, 0],
						"7.5417": [0, 3, 0],
						"8.4167": [0, 3, 0],
						"8.875": [0, 0, 0],
						"9.625": [0, 0, 0],
						"10.0417": [0, 0, 0],
						"11.5417": [0, 0, 0],
						"12.125": [0, 0, 0],
						"14.0833": [0, 0, 0],
						"15.625": [0, 0, 0],
						"16.7917": [0, 0, 0],
						"17.1667": [0, 3, 0],
						"18.0417": [0, 3, 0],
						"18.5": [0, 0, 0],
						"19.25": [0, 0, 0],
						"19.6667": [0, 0, 0],
						"21.3333": [0, 0, 0],
						"21.7917": [0, 0, 0],
						"23.75": [0, 0, 0],
						"25.2917": [0, 0, 0],
						"26.4583": [0, 0, 0],
						"26.8333": [0, 3, 0],
						"27.7083": [0, 3, 0],
						"28.1667": [0, 0, 0],
						"28.9167": [0, 0, 0],
						"29.3333": [0, 0, 0],
						"31.25": [0, 0, 0],
						"31.7083": [0, 0, 0],
						"33.6667": [0, 0, 0],
						"35.2083": [0, 0, 0],
						"36.375": [0, 0, 0],
						"36.75": [0, 3, 0],
						"37.625": [0, 3, 0],
						"38.0833": [0, 0, 0],
						"38.8333": [0, 0, 0],
						"39.2083": [0, 3, 0],
						"40.75": [0, 3, 0],
						"45.0": [0, 3, 0],
						"45.3333": [0, 0, 0]
					}
				}
			}
		}
	}
}