{
	"format_version": "1.12.0",
	"minecraft:geometry": [
		{
			"description": {
				"identifier": "geometry.bedug",
				"texture_width": 256,
				"texture_height": 256,
				"visible_bounds_width": 5,
				"visible_bounds_height": 4,
				"visible_bounds_offset": [0, 1, 0]
			},
			"bones": [
				{
					"name": "bedug",
					"pivot": [0, 0, 1],
					"cubes": [
						{"origin": [5.23601, -5.53608, 4], "size": [2, 27, 2], "pivot": [0, 0, 0], "rotation": [0, 0, -42.5], "uv": [110, 104]},
						{"origin": [5.23601, 6.46392, -4], "size": [2, 2, 8], "pivot": [0, 0, 0], "rotation": [0, 0, -42.5], "uv": [56, 41]},
						{"origin": [-7.43958, -5.72664, 6], "size": [2, 27, 2], "pivot": [0, 0, 0], "rotation": [0, 0, 42.5], "uv": [102, 104]},
						{"origin": [5.23601, -5.53608, -6], "size": [2, 27, 2], "pivot": [0, 0, 0], "rotation": [0, 0, -42.5], "uv": [86, 101]},
						{"origin": [-7.43958, -5.72664, -8], "size": [2, 27, 2], "pivot": [0, 0, 0], "rotation": [0, 0, 42.5], "uv": [94, 102]}
					]
				},
				{
					"name": "hexadecagon3",
					"parent": "bedug",
					"pivot": [0, 22, -19],
					"rotation": [0, -90, 0],
					"cubes": [
						{"origin": [8, 27.40008, -5.87868], "size": [1, 3.1826, 16], "inflate": 0.3, "pivot": [0, 0, 0], "rotation": [45, 0, 0], "uv": [89, 41]},
						{"origin": [8, 26.00504, -17.13468], "size": [1, 3.1826, 16], "inflate": 0.3, "pivot": [0, 0, 0], "rotation": [22.5, 0, 0], "uv": [82, 82]},
						{"origin": [8, 20.4087, -27], "size": [1, 3.1826, 16], "inflate": 0.3, "uv": [64, 79]},
						{"origin": [8, 11.46307, -33.97275], "size": [1, 3.1826, 16], "inflate": 0.3, "pivot": [0, 0, 0], "rotation": [-22.5, 0, 0], "uv": [76, 60]},
						{"origin": [8, 0.53002, -36.99138], "size": [1, 3.1826, 16], "inflate": 0.3, "pivot": [0, 0, 0], "rotation": [-45, 0, 0], "uv": [46, 76]},
						{"origin": [8, 19.59633, -10.72597], "size": [1, 16, 3.1826], "inflate": 0.3, "pivot": [0, 0, 0], "rotation": [22.5, 0, 0], "uv": [0, 114]},
						{"origin": [8, 14, -20.5913], "size": [1, 16, 3.1826], "inflate": 0.3, "uv": [112, 60]},
						{"origin": [8, 5.05436, -27.56405], "size": [1, 16, 3.1826], "inflate": 0.3, "pivot": [0, 0, 0], "rotation": [-22.5, 0, 0], "uv": [112, 0]}
					]
				},
				{
					"name": "hexadecagon",
					"parent": "bedug",
					"pivot": [0, 22, 1],
					"rotation": [0, -90, 0],
					"cubes": [
						{"origin": [-11, 13.25794, 8.26346], "size": [20, 3.1826, 16], "pivot": [0, 0, 0], "rotation": [45, 0, 0], "uv": [56, 22]},
						{"origin": [-11, 18.35137, 1.34292], "size": [20, 3.1826, 16], "pivot": [0, 0, 0], "rotation": [22.5, 0, 0], "uv": [56, 3]},
						{"origin": [-11, 20.4087, -7], "size": [20, 3.1826, 16], "uv": [0, 38]},
						{"origin": [-11, 19.11673, -15.49516], "size": [20, 3.1826, 16], "pivot": [0, 0, 0], "rotation": [-22.5, 0, 0], "uv": [0, 19]},
						{"origin": [-11, 14.67216, -22.84924], "size": [20, 3.1826, 16], "pivot": [0, 0, 0], "rotation": [-45, 0, 0], "uv": [0, 0]},
						{"origin": [-11, 11.94267, 7.75162], "size": [20, 16, 3.1826], "pivot": [0, 0, 0], "rotation": [22.5, 0, 0], "uv": [0, 76]},
						{"origin": [-11, 14, -0.5913], "size": [20, 16, 3.1826], "uv": [46, 57]},
						{"origin": [-11, 12.70803, -9.08645], "size": [20, 16, 3.1826], "pivot": [0, 0, 0], "rotation": [-22.5, 0, 0], "uv": [0, 57]}
					]
				},
				{
					"name": "hexadecagon2",
					"parent": "bedug",
					"pivot": [0, 22, 2],
					"rotation": [0, -90, 0],
					"cubes": [
						{"origin": [8, 12.55084, 8.97056], "size": [1, 3.1826, 16], "inflate": 0.3, "pivot": [0, 0, 0], "rotation": [45, 0, 0], "uv": [100, 85]},
						{"origin": [8, 17.96868, 2.26679], "size": [1, 3.1826, 16], "inflate": 0.3, "pivot": [0, 0, 0], "rotation": [22.5, 0, 0], "uv": [52, 98]},
						{"origin": [8, 20.4087, -6], "size": [1, 3.1826, 16], "inflate": 0.3, "uv": [34, 95]},
						{"origin": [8, 19.49942, -14.57128], "size": [1, 3.1826, 16], "inflate": 0.3, "pivot": [0, 0, 0], "rotation": [-22.5, 0, 0], "uv": [0, 95]},
						{"origin": [8, 15.37926, -22.14214], "size": [1, 3.1826, 16], "inflate": 0.3, "pivot": [0, 0, 0], "rotation": [-45, 0, 0], "uv": [94, 63]},
						{"origin": [8, 11.55998, 8.6755], "size": [1, 16, 3.1826], "inflate": 0.3, "pivot": [0, 0, 0], "rotation": [22.5, 0, 0], "uv": [24, 114]},
						{"origin": [8, 14, 0.4087], "size": [1, 16, 3.1826], "inflate": 0.3, "uv": [16, 114]},
						{"origin": [8, 13.09072, -8.16258], "size": [1, 16, 3.1826], "inflate": 0.3, "pivot": [0, 0, 0], "rotation": [-22.5, 0, 0], "uv": [8, 114]}
					]
				}
			]
		}
	]
}