{
	"format_version": "1.12.0",
	"minecraft:geometry": [
		{
			"description": {
				"identifier": "geometry.bubur_kacang_ijo",
				"texture_width": 64,
				"texture_height": 64,
				"visible_bounds_width": 2,
				"visible_bounds_height": 1.5,
				"visible_bounds_offset": [0, 0.25, 0]
			},
			"bones": [
				{
					"name": "bubur_kacang_ijo",
					"pivot": [0, 0, 0],
					"cubes": [
						{"origin": [-5, 2, -5], "size": [10, 1.3, 1], "uv": [24, 2]},
						{"origin": [-5, 2, -4], "size": [1, 1.3, 8], "uv": [20, 19]},
						{"origin": [1, 2, 3], "size": [1, 1, 5], "pivot": [0, 0, 0], "rotation": [30.74122, -51.37417, 61.20211], "uv": [0, 25]},
						{"origin": [-5, 2, 4], "size": [10, 1.3, 1], "uv": [24, 0]},
						{"origin": [4, 2, -4], "size": [1, 1.3, 8], "uv": [10, 18]},
						{"origin": [-4, 1, -4], "size": [1, 1, 8], "uv": [16, 9]},
						{"origin": [-3, 1, -4], "size": [6, 1, 1], "uv": [24, 6]},
						{"origin": [3, 1, -4], "size": [1, 1, 8], "uv": [0, 16]},
						{"origin": [-3, 1, 3], "size": [6, 1, 1], "uv": [24, 4]},
						{"origin": [-3, 0, -3], "size": [6, 1, 6], "uv": [0, 9]},
						{"origin": [-4, 2, -4], "size": [8, 1, 8], "uv": [0, 0]}
					]
				}
			]
		}
	]
}