{
	"format_version": "1.10.0",
	"geometry.cow_tidur_mati": {
		"texturewidth": 64,
		"textureheight": 32,
		"visible_bounds_width": 3,
		"visible_bounds_height": 2.125,
		"visible_bounds_offset": [0, 0.9375, 0],
		"bones": [
			{
				"name": "root",
				"pivot": [-12, 6, -1],
				"rotation": [0, 0, 90]
			},
			{
				"name": "body",
				"parent": "root",
				"pivot": [-12, 25, 1],
				"rotation": [90, 0, 0],
				"cubes": [
					{"origin": [-18, 17, -6], "size": [12, 18, 10], "uv": [18, 4]},
					{"origin": [-14, 17, -7], "size": [4, 6, 1], "uv": [52, 0]}
				]
			},
			{
				"name": "head",
				"parent": "root",
				"pivot": [-12, 26, -9],
				"rotation": [0, -17.5, 12.5],
				"cubes": [
					{"origin": [-16, 22, -15], "size": [8, 8, 6], "uv": [0, 0]},
					{"origin": [-17, 28, -13], "size": [1, 3, 1], "uv": [22, 0]},
					{"origin": [-8, 28, -13], "size": [1, 3, 1], "uv": [22, 0]}
				],
				"locators": {
					"lead": [-12, 26, -9]
				}
			},
			{
				"name": "leg0",
				"parent": "root",
				"pivot": [-16, 18, 6],
				"rotation": [12.5, 0, -22.5],
				"cubes": [
					{"origin": [-18, 6, 4], "size": [4, 12, 4], "uv": [0, 16]}
				]
			},
			{
				"name": "leg1",
				"parent": "root",
				"pivot": [-8, 18, 6],
				"rotation": [7.5, 0, 0],
				"mirror": true,
				"cubes": [
					{"origin": [-10, 6, 4], "size": [4, 12, 4], "uv": [0, 16]}
				]
			},
			{
				"name": "leg2",
				"parent": "root",
				"pivot": [-16, 18, -7],
				"rotation": [0, 0, -20],
				"cubes": [
					{"origin": [-18, 6, -8], "size": [4, 12, 4], "uv": [0, 16]}
				]
			},
			{
				"name": "leg3",
				"parent": "root",
				"pivot": [-8, 18, -7],
				"rotation": [12.5, 0, 0],
				"mirror": true,
				"cubes": [
					{"origin": [-10, 6, -8], "size": [4, 12, 4], "uv": [0, 16]}
				]
			}
		]
	}
}