{
	"format_version": "1.12.0",
	"minecraft:geometry": [
		{
			"description": {
				"identifier": "geometry.es_kelapa",
				"texture_width": 64,
				"texture_height": 64,
				"visible_bounds_width": 2,
				"visible_bounds_height": 2.5,
				"visible_bounds_offset": [0, 0.75, 0]
			},
			"bones": [
				{
					"name": "es_kelapa",
					"pivot": [0, 0, 0],
					"cubes": [
						{"origin": [-3, 9, -3], "size": [1, 1, 6], "uv": [50, 14]},
						{"origin": [2, 9, -3], "size": [1, 1, 6], "uv": [50, 6]},
						{"origin": [-2, 9, -3], "size": [4, 1, 1], "uv": [54, 0]},
						{"origin": [-2, 9, 2], "size": [4, 1, 1], "uv": [54, 0]},
						{"origin": [-3, 0, -3], "size": [6, 9, 6], "uv": [13, 11]},
						{"origin": [-5, 7, -1], "size": [2, 1, 2], "uv": [56, 61]},
						{"origin": [-5, 2, -1], "size": [2, 1, 2], "uv": [56, 61]},
						{"origin": [-5, 3, -1], "size": [1, 4, 2], "uv": [58, 58]}
					]
				}
			]
		}
	]
}