{
	"format_version": "1.12.0",
	"minecraft:geometry": [
		{
			"description": {
				"identifier": "geometry.gantungan_kambing",
				"texture_width": 64,
				"texture_height": 84,
				"visible_bounds_width": 4,
				"visible_bounds_height": 4,
				"visible_bounds_offset": [0, 0, 0]
			},
			"bones": [
				{
					"name": "gantungan",
					"pivot": [0, 16, 0],
					"cubes": [
						{"origin": [-7, 9, 0], "size": [14, 1, 1], "uv": [0, 78]},
						{"origin": [-7, 13, 0], "size": [14, 1, 1], "uv": [0, 81]},
						{"origin": [6, 10, 0], "size": [1, 3, 1], "uv": [1, 80]},
						{"origin": [-7, 10, 0], "size": [1, 3, 1], "uv": [1, 80]},
						{"origin": [-1, 14, 0], "size": [2, 2, 1], "uv": [57, 76]},
						{"origin": [-4, 6, 0], "size": [1, 3, 1], "uv": [35, 80]},
						{"origin": [3, 7, 0], "size": [1, 2, 1], "uv": [31, 81]}
					]
				},
				{
					"name": "root",
					"parent": "gantungan",
					"pivot": [0, 2, -2],
					"rotation": [-90, 0, 180]
				},
				{
					"name": "head2",
					"parent": "root",
					"pivot": [0.5, 13, -18],
					"rotation": [-17.5, 0, 0],
					"cubes": [
						{"origin": [-2, 11, -26], "size": [5, 7, 10], "pivot": [1, 14, -18], "rotation": [55, 0, 0], "uv": [34, 46]},
						{"origin": [3, 15, -20], "size": [3, 2, 1], "uv": [2, 61], "mirror": true},
						{"origin": [-5, 15, -20], "size": [3, 2, 1], "uv": [2, 61]},
						{"origin": [0.5, 2, -24], "size": [0, 7, 5], "uv": [23, 52]}
					]
				},
				{
					"name": "right_horn",
					"parent": "head2",
					"pivot": [1, 14, -18],
					"cubes": [
						{"origin": [-1.99, 15, -20], "size": [2, 7, 2], "uv": [12, 55]}
					]
				},
				{
					"name": "left_horn",
					"parent": "head2",
					"pivot": [1, 14, -18],
					"cubes": [
						{"origin": [0.99, 15, -20], "size": [2, 7, 2], "uv": [12, 55]}
					]
				},
				{
					"name": "body2",
					"parent": "root",
					"pivot": [0, -4, -10],
					"cubes": [
						{"origin": [-4, 2, -17], "size": [9, 11, 16], "uv": [1, 1]},
						{"origin": [-5, 0, -18], "size": [11, 14, 11], "uv": [0, 28]}
					],
					"locators": {
						"lead2": [0, 16, -15]
					}
				},
				{
					"name": "left_front_leg",
					"parent": "root",
					"pivot": [1, 6, -16],
					"rotation": [-77.5, 0, 0],
					"cubes": [
						{"origin": [1, -4, -16], "size": [3, 10, 3], "uv": [35, 2]}
					]
				},
				{
					"name": "right_front_leg",
					"parent": "root",
					"pivot": [-3, 6, -16],
					"rotation": [-75, 0, 0],
					"cubes": [
						{"origin": [-3, -4, -16], "size": [3, 10, 3], "uv": [49, 2]}
					]
				},
				{
					"name": "right_back_leg",
					"parent": "root",
					"pivot": [-2, 3, -6],
					"rotation": [90, -10, 0],
					"cubes": [
						{"origin": [-3, -7, -6], "size": [3, 6, 3], "uv": [49, 29]}
					]
				},
				{
					"name": "left_back_leg",
					"parent": "root",
					"pivot": [1, 6, -6],
					"rotation": [90, 2.5, -2.5],
					"cubes": [
						{"origin": [1, -4, -9], "size": [3, 6, 3], "uv": [36, 29]}
					]
				}
			]
		}
	]
}