{
  "format_version": "1.12.0",
  "minecraft:geometry": [
    {
      "description": {
        "identifier": "geometry.gantungan",
        "texture_width": 32,
        "texture_height": 32,
        "visible_bounds_width": 2,
        "visible_bounds_height": 2.5,
        "visible_bounds_offset": [
          0,
          0.75,
          0
        ]
      },
      "bones": [
        {
          "name": "gantungan",
          "pivot": [
            0,
            9,
            0
          ],
          "cubes": [
            {
              "origin": [
                -7.0,
                9.0,
                0.0
              ],
              "size": [
                14.0,
                1.0,
                1.0
              ],
              "uv": [
                0,
                0
              ],
              "inflate": 0
            },
            {
              "origin": [
                -6.0,
                13.0,
                0.0
              ],
              "size": [
                9.0,
                1.0,
                1.0
              ],
              "pivot": [
                0.0,
                9.0,
                0.0
              ],
              "rotation": [
                0.0,
                0.0,
                -35.0
              ],
              "uv": [
                0,
                4
              ],
              "inflate": 0
            },
            {
              "origin": [
                -3.0,
                13.0,
                0.0
              ],
              "size": [
                9.0,
                1.0,
                1.0
              ],
              "pivot": [
                0.0,
                9.0,
                0.0
              ],
              "rotation": [
                0.0,
                0.0,
                35.0
              ],
              "uv": [
                0,
                2
              ],
              "inflate": 0
            },
            {
              "origin": [
                -1.0,
                14.3,
                0.0
              ],
              "size": [
                2.0,
                2.0,
                1.0
              ],
              "uv": [
                0,
                6
              ],
              "inflate": 0
            }
          ]
        }
      ]
    }
  ]
}