{
	"format_version": "1.12.0",
	"minecraft:geometry": [
		{
			"description": {
				"identifier": "geometry.gantungan_sheep",
				"texture_width": 64,
				"texture_height": 64,
				"visible_bounds_width": 3,
				"visible_bounds_height": 4,
				"visible_bounds_offset": [0, 0, 0]
			},
			"bones": [
				{
					"name": "gantungan",
					"pivot": [0, 17, 0],
					"cubes": [
						{
							"origin": [-7, 9, 0.1],
							"size": [14, 1, 1],
							"uv": {
								"north": {"uv": [1.1, 59.5], "uv_size": [14, 1]},
								"east": {"uv": [0, 62], "uv_size": [1, 1]},
								"south": {"uv": [0.9, 59.5], "uv_size": [14, 1]},
								"west": {"uv": [15.1, 60.5], "uv_size": [1, 1]},
								"up": {"uv": [1.1, 59.5], "uv_size": [14, 1]},
								"down": {"uv": [1.1, 60.5], "uv_size": [14, -1]}
							}
						},
						{
							"origin": [-7, 10, 0.1],
							"size": [1, 4, 1],
							"uv": {
								"north": {"uv": [1, 61], "uv_size": [0, 3]},
								"east": {"uv": [0, 61], "uv_size": [0, 3]},
								"south": {"uv": [3, 61], "uv_size": [0, 3]},
								"west": {"uv": [2, 61], "uv_size": [0, 3]},
								"up": {"uv": [1, 60], "uv_size": [0, 0]},
								"down": {"uv": [2, 60], "uv_size": [0, 0]}
							}
						},
						{
							"origin": [6, 10, 0.1],
							"size": [1, 4, 1],
							"uv": {
								"north": {"uv": [1, 62], "uv_size": [0, 2]},
								"east": {"uv": [0, 62], "uv_size": [0, 2]},
								"south": {"uv": [3, 62], "uv_size": [0, 2]},
								"west": {"uv": [2, 62], "uv_size": [0, 2]},
								"up": {"uv": [1, 61], "uv_size": [0, -1]},
								"down": {"uv": [2, 60], "uv_size": [0, 1]}
							}
						},
						{
							"origin": [-7, 14, 0.1],
							"size": [14, 1, 1],
							"uv": {
								"north": {"uv": [0, 62], "uv_size": [14, 1]},
								"east": {"uv": [1, 60], "uv_size": [1, 1]},
								"south": {"uv": [15, 62], "uv_size": [14, 1]},
								"west": {"uv": [14, 62], "uv_size": [1, 1]},
								"up": {"uv": [0, 61], "uv_size": [14, 1]},
								"down": {"uv": [14, 62], "uv_size": [14, -1]}
							}
						},
						{
							"origin": [-1, 15, 0.1],
							"size": [2, 2, 1],
							"uv": {
								"north": {"uv": [58, 59.2], "uv_size": [2, 2]},
								"east": {"uv": [57, 59.2], "uv_size": [1, 2]},
								"south": {"uv": [61, 59.2], "uv_size": [2, 2]},
								"west": {"uv": [60, 59.2], "uv_size": [1, 2]},
								"up": {"uv": [58, 58.2], "uv_size": [2, 1]},
								"down": {"uv": [60, 59.2], "uv_size": [2, -1]}
							}
						},
						{
							"origin": [-4, 8, 0],
							"size": [1, 1, 1],
							"uv": {
								"north": {"uv": [35, 63], "uv_size": [1, 1]},
								"east": {"uv": [34, 63], "uv_size": [1, 1]},
								"south": {"uv": [37, 63], "uv_size": [1, 1]},
								"west": {"uv": [36, 63], "uv_size": [1, 1]},
								"up": {"uv": [35, 62], "uv_size": [1, 1]},
								"down": {"uv": [36, 63], "uv_size": [1, -1]}
							}
						},
						{
							"origin": [3, 8, 0],
							"size": [1, 1, 1],
							"uv": {
								"north": {"uv": [31, 63], "uv_size": [1, 1]},
								"east": {"uv": [30, 63], "uv_size": [1, 1]},
								"south": {"uv": [33, 63], "uv_size": [1, 1]},
								"west": {"uv": [32, 63], "uv_size": [1, 1]},
								"up": {"uv": [31, 62], "uv_size": [1, 1]},
								"down": {"uv": [32, 63], "uv_size": [1, -1]}
							}
						}
					]
				},
				{
					"name": "root",
					"parent": "gantungan",
					"pivot": [0, -11, -12],
					"rotation": [-90, 0, 180]
				},
				{
					"name": "head",
					"parent": "root",
					"pivot": [-1, 8, -20],
					"rotation": [10, 0, 0],
					"cubes": [
						{
							"origin": [-4, 6, -26],
							"size": [6, 6, 8],
							"uv": {
								"north": {"uv": [8, 7], "uv_size": [6, 4]},
								"east": {"uv": [0, 7], "uv_size": [8, 4]},
								"south": {"uv": [22, 7], "uv_size": [6, 4]},
								"west": {"uv": [14, 7], "uv_size": [8, 4]},
								"up": {"uv": [8, 1], "uv_size": [6, 6]},
								"down": {"uv": [14, 7], "uv_size": [6, -6]}
							}
						}
					]
				},
				{
					"name": "body",
					"parent": "root",
					"pivot": [-1, 9, -10],
					"rotation": [90, 0, 0],
					"cubes": [
						{
							"origin": [-4, 2, -17],
							"size": [8, 16, 6],
							"uv": {
								"north": {"uv": [34, 12], "uv_size": [8, 11]},
								"east": {"uv": [28, 12], "uv_size": [6, 11]},
								"south": {"uv": [48, 12], "uv_size": [8, 11]},
								"west": {"uv": [42, 12], "uv_size": [6, 11]},
								"up": {"uv": [34, 7], "uv_size": [10, 5]},
								"down": {"uv": [42, 12], "uv_size": [10, -5]}
							}
						}
					]
				},
				{
					"name": "leg0",
					"parent": "root",
					"pivot": [-4, 2, -5],
					"rotation": [87.5, 0, 0],
					"cubes": [
						{
							"origin": [-5, -10, -7],
							"size": [4, 12, 4],
							"uv": {
								"north": {"uv": [4, 16], "uv_size": [4, 9]},
								"east": {"uv": [0, 16], "uv_size": [4, 9]},
								"south": {"uv": [12, 16], "uv_size": [4, 9]},
								"west": {"uv": [8, 16], "uv_size": [4, 9]},
								"up": {"uv": [4, 13], "uv_size": [4, 3]},
								"down": {"uv": [8, 16], "uv_size": [4, -3]}
							}
						}
					]
				},
				{
					"name": "leg1",
					"parent": "root",
					"pivot": [2, 2, -5],
					"rotation": [90.02822, -0.65182, -4.95744],
					"cubes": [
						{
							"origin": [1, -10, -7],
							"size": [4, 12, 4],
							"uv": {
								"north": {"uv": [4, 16], "uv_size": [4, 9]},
								"east": {"uv": [0, 16], "uv_size": [4, 9]},
								"south": {"uv": [12, 16], "uv_size": [4, 9]},
								"west": {"uv": [8, 16], "uv_size": [4, 9]},
								"up": {"uv": [4, 13], "uv_size": [4, 3]},
								"down": {"uv": [8, 16], "uv_size": [4, -3]}
							}
						}
					]
				},
				{
					"name": "leg2",
					"parent": "root",
					"pivot": [-4, 2, -17],
					"rotation": [-45, 0, -15],
					"cubes": [
						{
							"origin": [-6, -10, -19],
							"size": [4, 12, 4],
							"uv": {
								"north": {"uv": [4, 16], "uv_size": [4, 9]},
								"east": {"uv": [0, 16], "uv_size": [4, 9]},
								"south": {"uv": [12, 16], "uv_size": [4, 9]},
								"west": {"uv": [8, 16], "uv_size": [4, 9]},
								"up": {"uv": [4, 13], "uv_size": [4, 3]},
								"down": {"uv": [8, 16], "uv_size": [4, -3]}
							}
						}
					]
				},
				{
					"name": "leg3",
					"parent": "root",
					"pivot": [3, 2, -17],
					"rotation": [-37.48107, -0.43523, -4.98107],
					"cubes": [
						{
							"origin": [1, -10, -19],
							"size": [4, 12, 4],
							"uv": {
								"north": {"uv": [4, 16], "uv_size": [4, 9]},
								"east": {"uv": [0, 16], "uv_size": [4, 9]},
								"south": {"uv": [12, 16], "uv_size": [4, 9]},
								"west": {"uv": [8, 16], "uv_size": [4, 9]},
								"up": {"uv": [4, 13], "uv_size": [4, 3]},
								"down": {"uv": [8, 16], "uv_size": [4, -3]}
							}
						}
					]
				}
			]
		}
	]
}