{
	"format_version": "1.12.0",
	"minecraft:geometry": [
		{
			"description": {
				"identifier": "geometry.jualan_gorengan",
				"texture_width": 364,
				"texture_height": 128,
				"visible_bounds_width": 7,
				"visible_bounds_height": 3.5,
				"visible_bounds_offset": [0, 1.25, 0]
			},
			"bones": [
				{
					"name": "jualan",
					"pivot": [0, 0, 0]
				},
				{
					"name": "gorengan",
					"parent": "jualan",
					"pivot": [16, 0, 0],
					"cubes": [
						{"origin": [8, 0, -11], "size": [1, 14, 1], "uv": [16, 76]},
						{"origin": [9, 1, -11], "size": [9, 13, 1], "uv": [46, 51]},
						{"origin": [8, 9, -10], "size": [1, 5, 9], "uv": [56, 0]},
						{"origin": [8, 5, -10], "size": [1, 1, 9], "uv": [43, 65]},
						{"origin": [8, 1, -10], "size": [1, 1, 9], "uv": [15, 66]},
						{"origin": [18, 1, -10], "size": [1, 13, 9], "uv": [36, 0]},
						{"origin": [9, 1, -1], "size": [9, 13, 1], "uv": [19, 52]},
						{"origin": [9, 2, -10], "size": [9, 9, 9], "uv": [0, 21]},
						{"origin": [9, 11, -6], "size": [4, 2, 5], "uv": [0, 108]},
						{"origin": [9, 11, -10], "size": [9, 1, 9], "uv": [0, 116]},
						{"origin": [13.92889, 11.7, -8.64932], "size": [4, 2, 5], "pivot": [15.92889, 13, -4.14932], "rotation": [0, 5, 0], "uv": [18, 120]},
						{"origin": [11, 12, -6], "size": [4, 2, 5], "pivot": [13, 13, -3.5], "rotation": [0, 12.5, 0], "uv": [13, 109]},
						{"origin": [10.92889, 11, -9.64932], "size": [4, 2, 5], "pivot": [15.92889, 13, -4.14932], "rotation": [0, 5, 0], "uv": [0, 111]},
						{"origin": [18, 13, -1], "size": [1, 12, 1], "inflate": -0.3, "pivot": [18.5, 14, -0.5], "rotation": [26.08822, 7.92723, -21.10948], "uv": [67, 66]},
						{"origin": [8.02676, 13.30404, -1.38456], "size": [1, 11, 1], "inflate": -0.3, "pivot": [8.85467, 13.81076, -0.887], "rotation": [26.47195, -6.00149, 19.11139], "uv": [12, 75]},
						{"origin": [-18.75771, 13.48966, -1.29169], "size": [1, 12, 1], "inflate": -0.3, "pivot": [-17.97434, 13.36333, -0.68495], "rotation": [23.0653, -8.99804, 26.04699], "uv": [71, 66]},
						{"origin": [-9.29541, 12.93476, -1.06192], "size": [1, 12, 1], "inflate": -0.3, "pivot": [-8.50652, 14.19997, -0.39263], "rotation": [26.64314, 5.90316, -16.50371], "uv": [8, 67]},
						{"origin": [19, 3, -6], "size": [1, 21, 1], "uv": [0, 53]},
						{"origin": [-20, 3, -6], "size": [1, 21, 1], "uv": [39, 52]},
						{"origin": [-7, 23, -6], "size": [15, 1, 1], "uv": [38, 35]},
						{"origin": [-22, 23, -6], "size": [15, 1, 1], "pivot": [-7.5, 28.5, -5.5], "rotation": [0, 0, -7.5], "uv": [38, 33]},
						{"origin": [8, 23, -6], "size": [14, 1, 1], "pivot": [7.5, 28.5, -5.5], "rotation": [0, 0, 7.5], "uv": [56, 14]},
						{"origin": [18, 0, -11], "size": [1, 14, 1], "uv": [75, 66]},
						{"origin": [18, 0, -1], "size": [1, 14, 1], "uv": [55, 75]},
						{"origin": [8, 0, -1], "size": [1, 14, 1], "uv": [59, 75]},
						{"origin": [-9, 0, -11], "size": [1, 14, 1], "uv": [74, 26]},
						{"origin": [-9, 13, -11], "size": [1, 12, 1], "inflate": -0.3, "pivot": [-8.5, 14, -10.5], "rotation": [-26.64314, -5.90316, -16.50371], "uv": [70, 26]},
						{"origin": [-19, 13, -11], "size": [1, 13, 1], "inflate": -0.3, "pivot": [-18.5, 14, -10.5], "rotation": [-25.49107, 9.08469, 28.60508], "uv": [4, 67]},
						{"origin": [9, 13, -10], "size": [1, 12, 1], "inflate": -0.3, "pivot": [8.5, 15, -10.5], "rotation": [-24.06926, 6.81403, 16.16904], "uv": [63, 66]},
						{"origin": [18, 13, -11], "size": [1, 12, 1], "inflate": -0.3, "pivot": [18.5, 14, -10.5], "rotation": [-27.22072, -3.70473, -26.77759], "uv": [35, 66]},
						{"origin": [-18, 1, -11], "size": [9, 13, 1], "uv": [0, 39]},
						{"origin": [-9, 13, -10], "size": [1, 1, 9], "uv": [56, 16]},
						{"origin": [-9, 9, -10], "size": [1, 1, 9], "uv": [4, 57]},
						{"origin": [-9, 5, -10], "size": [1, 1, 9], "uv": [57, 56]},
						{"origin": [-9, 1, -10], "size": [1, 1, 9], "uv": [65, 42]},
						{"origin": [-19, 1, -10], "size": [1, 13, 9], "uv": [27, 30]},
						{"origin": [-18, 1, -1], "size": [9, 13, 1], "uv": [47, 37]},
						{"origin": [-18, 2, -10], "size": [9, 12, 9], "uv": [0, 0]},
						{"origin": [-6, 0, -9], "size": [4, 1, 4], "uv": [27, 0]},
						{"origin": [-7, 1, -10], "size": [6, 5, 6], "uv": [38, 22]},
						{"origin": [-6, 6, -9], "size": [4, 1, 0], "inflate": 0.3, "uv": [0, 1]},
						{"origin": [-6, 6, -5], "size": [4, 1, 0], "inflate": 0.3, "uv": [0, 0]},
						{"origin": [-2, 6, -9], "size": [0, 1, 4], "inflate": 0.3, "uv": [44, 25]},
						{"origin": [-4, 6, -7], "size": [0, 1, 0], "inflate": 0.3, "uv": [0, 0]},
						{"origin": [-11, 6, -8], "size": [8, 1, 1], "pivot": [-10, 7.5, -7.5], "rotation": [0.43688, -4.98093, -5.019], "uv": [27, 5]},
						{"origin": [-19, 0, -11], "size": [1, 14, 1], "uv": [43, 75]},
						{"origin": [-19, 0, -1], "size": [1, 14, 1], "uv": [47, 75]},
						{"origin": [-9, 0, -1], "size": [1, 14, 1], "uv": [51, 75]}
					]
				},
				{
					"name": "body",
					"pivot": [0, 0.5, 7],
					"cubes": [
						{"origin": [-4, 12, 4], "size": [8, 12, 6], "uv": [102, 20]},
						{"origin": [-4, 6, 4], "size": [8, 18, 6], "inflate": 0.5, "uv": [86, 38]}
					]
				},
				{
					"name": "head",
					"parent": "body",
					"pivot": [0, 25, 7],
					"cubes": [
						{"origin": [-4, 24, 3], "size": [8, 10, 8], "uv": [86, 0]}
					]
				},
				{
					"name": "helmet",
					"parent": "head",
					"pivot": [0, 24, 10],
					"cubes": [
						{"origin": [-4, 24, 3], "size": [8, 10, 8], "inflate": 0.5, "uv": [118, 0]}
					]
				},
				{
					"name": "brim",
					"parent": "head",
					"pivot": [0, 24, 10],
					"cubes": [
						{"origin": [-8, 21, -5], "size": [16, 16, 1], "inflate": 0.1, "pivot": [0, 24, 1.5], "rotation": [-90, 0, 0], "uv": [116, 47]}
					]
				},
				{
					"name": "nose",
					"parent": "head",
					"pivot": [0, 26, 10],
					"cubes": [
						{"origin": [-1, 23, 1], "size": [2, 4, 2], "uv": [110, 0]}
					]
				},
				{
					"name": "arms",
					"parent": "body",
					"pivot": [0, 22.33333, 7],
					"rotation": [-52.5, 0, 0],
					"cubes": [
						{"origin": [-4, 16, 5], "size": [8, 4, 4], "uv": [126, 38]},
						{"origin": [-8, 16, 5], "size": [4, 8, 4], "uv": [130, 22]},
						{"origin": [4, 16, 5], "size": [4, 8, 4], "uv": [130, 22], "mirror": true}
					]
				},
				{
					"name": "held_item",
					"parent": "arms",
					"pivot": [0, 0, 10]
				},
				{
					"name": "leg0",
					"parent": "body",
					"pivot": [-2, 12, 10],
					"cubes": [
						{"origin": [-4, 0, 5], "size": [4, 12, 4], "uv": [86, 22]}
					]
				},
				{
					"name": "leg1",
					"parent": "body",
					"pivot": [2, 12, 10],
					"cubes": [
						{"origin": [0, 0, 5], "size": [4, 12, 4], "uv": [86, 22], "mirror": true}
					]
				}
			]
		}
	]
}