{
	"format_version": "1.12.0",
	"minecraft:geometry": [
		{
			"description": {
				"identifier": "geometry.jualan_es_kelapa",
				"texture_width": 364,
				"texture_height": 128,
				"visible_bounds_width": 7,
				"visible_bounds_height": 3.5,
				"visible_bounds_offset": [0, 1.25, 0]
			},
			"bones": [
				{
					"name": "jualan",
					"pivot": [0, 0, 0]
				},
				{
					"name": "es_kelapa",
					"parent": "jualan",
					"pivot": [0, 0, 0],
					"cubes": [
						{"origin": [-18, 13, -13], "size": [36, 1, 14], "uv": [150, 0]},
						{"origin": [-16, 14, -12], "size": [13, 11, 9], "uv": [150, 15]},
						{"origin": [1, 14, -9], "size": [3, 4, 3], "uv": [194, 28]},
						{"origin": [2, 15, -6], "size": [1, 2, 1], "uv": [206, 32]},
						{"origin": [6, 14, -6], "size": [3, 4, 3], "uv": [194, 28]},
						{"origin": [7, 15, -3], "size": [1, 2, 1], "uv": [206, 32]},
						{"origin": [8, 14, -12], "size": [3, 4, 3], "uv": [194, 28]},
						{"origin": [9, 15, -9], "size": [1, 2, 1], "uv": [206, 32]},
						{"origin": [13, 14, -8], "size": [3, 4, 3], "uv": [194, 28]},
						{"origin": [14, 15, -5], "size": [1, 2, 1], "uv": [206, 32]},
						{"origin": [11, 0, -5], "size": [5, 5, 5], "uv": [150, 35]},
						{"origin": [9, 0, 1], "size": [5, 5, 5], "uv": [150, 35]},
						{"origin": [6, 0, -4], "size": [5, 5, 5], "pivot": [8.5, 2.5, -2.5], "rotation": [0, 0, -20], "uv": [150, 35]},
						{"origin": [-17, 2, -7], "size": [34, 1, 2], "uv": [163, 11]},
						{"origin": [-18, 2, -12], "size": [1, 1, 12], "uv": [164, 1]},
						{"origin": [17, 2, -12], "size": [1, 1, 12], "uv": [164, 1]},
						{"origin": [-18, 0, 0], "size": [1, 13, 1], "uv": [150, 0]},
						{"origin": [17, 0, 0], "size": [1, 13, 1], "uv": [150, 0]},
						{"origin": [-18, 0, -13], "size": [1, 13, 1], "uv": [150, 0]},
						{"origin": [17, 0, -13], "size": [1, 13, 1], "uv": [150, 0]}
					]
				},
				{
					"name": "body",
					"pivot": [0, 0.5, 7],
					"cubes": [
						{"origin": [-4, 12, 4], "size": [8, 12, 6], "uv": [102, 20]},
						{"origin": [-4, 6, 4], "size": [8, 18, 6], "inflate": 0.5, "uv": [86, 38]}
					]
				},
				{
					"name": "head",
					"parent": "body",
					"pivot": [0, 25, 7],
					"cubes": [
						{"origin": [-4, 24, 3], "size": [8, 10, 8], "uv": [86, 0]}
					]
				},
				{
					"name": "helmet",
					"parent": "head",
					"pivot": [0, 24, 10],
					"cubes": [
						{"origin": [-4, 24, 3], "size": [8, 10, 8], "inflate": 0.5, "uv": [118, 0]}
					]
				},
				{
					"name": "brim",
					"parent": "head",
					"pivot": [0, 24, 10],
					"cubes": [
						{"origin": [-8, 21, -5], "size": [16, 16, 1], "inflate": 0.1, "pivot": [0, 24, 1.5], "rotation": [-90, 0, 0], "uv": [116, 47]}
					]
				},
				{
					"name": "nose",
					"parent": "head",
					"pivot": [0, 26, 10],
					"cubes": [
						{"origin": [-1, 23, 1], "size": [2, 4, 2], "uv": [110, 0]}
					]
				},
				{
					"name": "arms",
					"parent": "body",
					"pivot": [0, 22.33333, 7],
					"rotation": [-52.5, 0, 0],
					"cubes": [
						{"origin": [-4, 16, 5], "size": [8, 4, 4], "uv": [126, 38]},
						{"origin": [-8, 16, 5], "size": [4, 8, 4], "uv": [130, 22]},
						{"origin": [4, 16, 5], "size": [4, 8, 4], "uv": [130, 22], "mirror": true}
					]
				},
				{
					"name": "held_item",
					"parent": "arms",
					"pivot": [0, 0, 10]
				},
				{
					"name": "leg0",
					"parent": "body",
					"pivot": [-2, 12, 10],
					"cubes": [
						{"origin": [-4, 0, 5], "size": [4, 12, 4], "uv": [86, 22]}
					]
				},
				{
					"name": "leg1",
					"parent": "body",
					"pivot": [2, 12, 10],
					"cubes": [
						{"origin": [0, 0, 5], "size": [4, 12, 4], "uv": [86, 22], "mirror": true}
					]
				}
			]
		}
	]
}