{
	"format_version": "1.12.0",
	"minecraft:geometry": [
		{
			"description": {
				"identifier": "geometry.jualan_depan_masjid",
				"texture_width": 364,
				"texture_height": 128,
				"visible_bounds_width": 7,
				"visible_bounds_height": 3.5,
				"visible_bounds_offset": [0, 1.25, 0]
			},
			"bones": [
				{
					"name": "body",
					"pivot": [0, 0, 0],
					"cubes": [
						{"origin": [-4, 12, -3], "size": [8, 12, 6], "uv": [102, 20]},
						{"origin": [-4, 6, -3], "size": [8, 18, 6], "inflate": 0.5, "uv": [86, 38]}
					]
				},
				{
					"name": "head",
					"parent": "body",
					"pivot": [0, 25, 0],
					"cubes": [
						{"origin": [-4, 24, -4], "size": [8, 10, 8], "uv": [86, 0]}
					]
				},
				{
					"name": "helmet",
					"parent": "head",
					"pivot": [0, 24, 3],
					"cubes": [
						{"origin": [-4, 24, -4], "size": [8, 10, 8], "inflate": 0.5, "uv": [118, 0]}
					]
				},
				{
					"name": "brim",
					"parent": "head",
					"pivot": [0, 24, 3],
					"cubes": [
						{"origin": [-8, 21, -12], "size": [16, 16, 1], "inflate": 0.1, "pivot": [0, 24, -5.5], "rotation": [-90, 0, 0], "uv": [116, 47]}
					]
				},
				{
					"name": "nose",
					"parent": "head",
					"pivot": [0, 26, 3],
					"cubes": [
						{"origin": [-1, 23, -6], "size": [2, 4, 2], "uv": [110, 0]}
					]
				},
				{
					"name": "arms",
					"parent": "body",
					"pivot": [0, 22.33333, 0],
					"rotation": [-52.5, 0, 0],
					"cubes": [
						{"origin": [-4, 16, -2], "size": [8, 4, 4], "uv": [126, 38]},
						{"origin": [-8, 16, -2], "size": [4, 8, 4], "uv": [130, 22]},
						{"origin": [4, 16, -2], "size": [4, 8, 4], "uv": [130, 22], "mirror": true}
					]
				},
				{
					"name": "held_item",
					"parent": "arms",
					"pivot": [0, 0, 3]
				},
				{
					"name": "leg0",
					"parent": "body",
					"pivot": [-2, 12, 3],
					"cubes": [
						{"origin": [-4, 0, -2], "size": [4, 12, 4], "uv": [86, 22]}
					]
				},
				{
					"name": "leg1",
					"parent": "body",
					"pivot": [2, 12, 3],
					"cubes": [
						{"origin": [0, 0, -2], "size": [4, 12, 4], "uv": [86, 22], "mirror": true}
					]
				}
			]
		}
	]
}