{
	"format_version": "1.12.0",
	"minecraft:geometry": [
		{
			"description": {
				"identifier": "geometry.kaleng",
				"texture_width": 32,
				"texture_height": 32,
				"visible_bounds_width": 2,
				"visible_bounds_height": 1.5,
				"visible_bounds_offset": [0, 0.25, 0]
			},
			"bones": [
				{
					"name": "kaleng",
					"pivot": [0, 2.2, 3],
					"rotation": [90, 0, 0],
					"cubes": [
						{"origin": [-2, 2.2, 1], "size": [4, 6, 4], "uv": [0, 0]},
						{"origin": [-2.3, 7.2, 0.7], "size": [4.6, 1.7, 4.6], "inflate": -0.5, "uv": [12, 6]},
						{"origin": [-2.3, 1.5, 0.7], "size": [4.6, 1.7, 4.6], "inflate": -0.5, "uv": [0, 10]}
					]
				}
			]
		}
	]
}