{
	"format_version": "1.12.0",
	"minecraft:geometry": [
		{
			"description": {
				"identifier": "geometry.keran_off",
				"texture_width": 16,
				"texture_height": 16,
				"visible_bounds_width": 2,
				"visible_bounds_height": 2.5,
				"visible_bounds_offset": [0, 0.75, 0]
			},
			"bones": [
				{
					"name": "keran",
					"pivot": [0, 0, 0],
					"cubes": [
						{"origin": [-2, 3, 7.1], "size": [4, 4, 1], "inflate": -0.1, "uv": [0, 5]},
						{"origin": [-1, 4, 3.5], "size": [2, 2, 4], "inflate": -0.1, "uv": [0, 10]},
						{"origin": [-0.8, 4.2, 2.5], "size": [1.6, 1.6, 1.2], "inflate": -0.1, "uv": [12, 0]},
						{"origin": [-1, 4, 0.7], "size": [2, 3, 2], "inflate": -0.1, "uv": [8, 8]},
						{"origin": [-0.7, 6.8, 1], "size": [1.4, 2, 1.4], "inflate": -0.1, "uv": [0, 0]},
						{"origin": [-0.8, 7.8, -2.3], "size": [1.6, 1.1, 4.8], "inflate": -0.1, "uv": [0, 0]},
						{"origin": [-0.9, 3.8, -0.9], "size": [1.8, 2.2, 1.8], "inflate": -0.1, "uv": [10, 4]},
						{"origin": [-1, 2, -1], "size": [2, 2, 2], "inflate": -0.1, "uv": [6, 0]}
					]
				}
			]
		},
		{
			"description": {
				"identifier": "geometry.keran_on",
				"texture_width": 16,
				"texture_height": 16,
				"visible_bounds_width": 2,
				"visible_bounds_height": 2.5,
				"visible_bounds_offset": [0, 0.75, 0]
			},
			"bones": [
				{
					"name": "keran",
					"pivot": [0, 0, 0],
					"cubes": [
						{"origin": [-1, 4, 3.5], "size": [2, 2, 4], "inflate": -0.1, "uv": [0, 10]},
						{"origin": [-2, 3, 7.1], "size": [4, 4, 1], "inflate": -0.1, "uv": [0, 5]},
						{"origin": [-0.8, 4.2, 2.5], "size": [1.6, 1.6, 1.2], "inflate": -0.1, "uv": [12, 0]},
						{"origin": [-1, 4, 0.7], "size": [2, 3, 2], "inflate": -0.1, "uv": [8, 8]},
						{"origin": [-0.7, 6.8, 1], "size": [1.4, 2, 1.4], "inflate": -0.1, "uv": [0, 0]},
						{"origin": [0.89353, 7.8, -3.85184], "size": [1.6, 1.1, 4.8], "inflate": -0.1, "pivot": [0, 0, 0], "rotation": [0, -85, 0], "uv": [0, 0]},
						{"origin": [-0.9, 3.8, -0.9], "size": [1.8, 2.2, 1.8], "inflate": -0.1, "uv": [10, 4]},
						{"origin": [-1, 2, -1], "size": [2, 2, 2], "inflate": -0.1, "uv": [6, 0]}
					]
				}
			]
		}
	]
}