{
	"format_version": "1.12.0",
	"minecraft:geometry": [
		{
			"description": {
				"identifier": "geometry.kipas_angin",
				"texture_width": 16,
				"texture_height": 16,
				"visible_bounds_width": 3,
				"visible_bounds_height": 2.5,
				"visible_bounds_offset": [0, 0.75, 0]
			},
			"bones": [
				{
					"name": "kipas_angin",
					"pivot": [0, 0, 0],
					"cubes": [
						{"origin": [-2, 0, 7], "size": [4, 8, 1], "uv": [0, 0]},
						{"origin": [-1, 2.3, 4.9], "size": [2, 7, 2], "pivot": [0, 6, 4.5], "rotation": [36, 0, 0], "uv": [0, 0]}
					]
				},
				{
					"name": "bone15",
					"parent": "kipas_angin",
					"pivot": [0, 7.75, 5],
					"rotation": [20, 0, 0],
					"cubes": [
						{"origin": [-2, 8.67506, 1.60719], "size": [4, 4, 6], "uv": [0, 0]}
					]
				},
				{
					"name": "kipas",
					"parent": "bone15",
					"pivot": [0, 10, 0.66667],
					"cubes": [
						{"origin": [1, 10.67506, -0.39281], "size": [2, 4, 1], "uv": [0, 0]},
						{"origin": [-4, 11.67506, -0.39281], "size": [4, 2, 1], "uv": [0, 0]},
						{"origin": [-1, 9.67506, -0.39281], "size": [2, 2, 1], "uv": [0, 0]},
						{"origin": [-3, 6.67506, -0.39281], "size": [2, 4, 1], "uv": [0, 0]},
						{"origin": [0, 7.67506, -0.39281], "size": [4, 2, 1], "uv": [0, 0]},
						{"origin": [-1, 9.67506, 0.60719], "size": [2, 2, 1], "uv": [0, 0]}
					]
				},
				{
					"name": "bone10",
					"parent": "kipas",
					"pivot": [0.06667, 10, 0.43333],
					"rotation": [0, 0, 117.5],
					"cubes": [
						{"origin": [-0.79878, 14.98829, -1.59281], "size": [0.3, 0.4, 3.2], "uv": [0, 0]},
						{"origin": [-0.46934, 14.93729, -0.09281], "size": [1, 0.4, 0.4], "pivot": [0.1, 15.5, 0.5], "rotation": [0, 0, 5], "uv": [0, 0]},
						{"origin": [-0.79878, 3.98829, -1.99281], "size": [0.3, 11.4, 0.4], "uv": [0, 0]},
						{"origin": [-0.79878, 3.98829, 1.60719], "size": [0.3, 11.4, 0.4], "uv": [0, 0]},
						{"origin": [-0.79878, 3.98829, -1.59281], "size": [0.3, 0.4, 3.2], "uv": [0, 0]},
						{"origin": [-0.51907, 4.03082, -0.09281], "size": [1, 0.4, 0.4], "pivot": [0.1, 4.5, 0.5], "rotation": [0, 0, -4], "uv": [0, 0]}
					]
				},
				{
					"name": "bone9",
					"parent": "kipas",
					"pivot": [0.06667, 10, 0.43333],
					"rotation": [0, 0, 104.5],
					"cubes": [
						{"origin": [-0.53634, 15.07466, -0.09281], "size": [1, 0.4, 0.4], "pivot": [0.1, 15.5, 0.5], "rotation": [0, 0, 5], "uv": [0, 0]},
						{"origin": [-0.85356, 4.13098, -1.99281], "size": [0.3, 11.4, 0.4], "uv": [0, 0]},
						{"origin": [-0.85356, 4.13098, 1.60719], "size": [0.3, 11.4, 0.4], "uv": [0, 0]},
						{"origin": [-0.85356, 15.13098, -1.59281], "size": [0.3, 0.4, 3.2], "uv": [0, 0]},
						{"origin": [-0.85356, 4.13098, -1.59281], "size": [0.3, 0.4, 3.2], "uv": [0, 0]},
						{"origin": [-0.56375, 4.17698, -0.09281], "size": [1, 0.4, 0.4], "pivot": [0.1, 4.5, 0.5], "rotation": [0, 0, -4], "uv": [0, 0]}
					]
				},
				{
					"name": "bone8",
					"parent": "kipas",
					"pivot": [0.06667, 10, 0.43333],
					"rotation": [0, 0, 91],
					"cubes": [
						{"origin": [-0.57136, 15.22944, -0.09281], "size": [1, 0.4, 0.4], "pivot": [0.1, 15.5, 0.5], "rotation": [0, 0, 5], "uv": [0, 0]},
						{"origin": [-0.87496, 4.28822, -1.99281], "size": [0.3, 11.4, 0.4], "uv": [0, 0]},
						{"origin": [-0.87496, 4.28822, 1.60719], "size": [0.3, 11.4, 0.4], "uv": [0, 0]},
						{"origin": [-0.87496, 15.28822, -1.59281], "size": [0.3, 0.4, 3.2], "uv": [0, 0]},
						{"origin": [-0.87496, 4.28822, -1.59281], "size": [0.3, 0.4, 3.2], "uv": [0, 0]},
						{"origin": [-0.57413, 4.33533, -0.09281], "size": [1, 0.4, 0.4], "pivot": [0.1, 4.5, 0.5], "rotation": [0, 0, -4], "uv": [0, 0]}
					]
				},
				{
					"name": "bone7",
					"parent": "kipas",
					"pivot": [0.06667, 10, 0.43333],
					"rotation": [0, 0, 78],
					"cubes": [
						{"origin": [-0.57003, 15.38227, -0.09281], "size": [1, 0.4, 0.4], "pivot": [0.1, 15.5, 0.5], "rotation": [0, 0, 5], "uv": [0, 0]},
						{"origin": [-0.86031, 4.44035, -1.99281], "size": [0.3, 11.4, 0.4], "uv": [0, 0]},
						{"origin": [-0.86031, 4.44035, 1.60719], "size": [0.3, 11.4, 0.4], "uv": [0, 0]},
						{"origin": [-0.86031, 15.44035, -1.59281], "size": [0.3, 0.4, 3.2], "uv": [0, 0]},
						{"origin": [-0.86031, 4.44035, -1.59281], "size": [0.3, 0.4, 3.2], "uv": [0, 0]},
						{"origin": [-0.54891, 4.48607, -0.09281], "size": [1, 0.4, 0.4], "pivot": [0.1, 4.5, 0.5], "rotation": [0, 0, -4], "uv": [0, 0]}
					]
				},
				{
					"name": "bone14",
					"parent": "bone15",
					"pivot": [0.06613, 10.36844, 0.42],
					"rotation": [0, 0, 167.5],
					"cubes": [
						{"origin": [0.07797, 15.36153, -0.09281], "size": [1.2, 0.4, 0.4], "pivot": [0.16609, 16.23081, 0.5], "rotation": [0, 0, 5], "uv": [0, 0]},
						{"origin": [-0.28002, 4.37175, -1.99281], "size": [0.3, 11.4, 0.4], "uv": [0, 0]},
						{"origin": [-0.28002, 4.37175, 1.60719], "size": [0.3, 11.4, 0.4], "uv": [0, 0]},
						{"origin": [-0.28002, 15.37175, -1.59281], "size": [0.3, 0.4, 3.2], "uv": [0, 0]},
						{"origin": [-0.28002, 4.37175, -1.59281], "size": [0.3, 0.4, 3.2], "uv": [0, 0]},
						{"origin": [-0.02564, 4.38355, -0.09281], "size": [1, 0.4, 0.4], "pivot": [0.16609, 5.23081, 0.5], "rotation": [0, 0, -4], "uv": [0, 0]},
						{"origin": [-1.11033, 4.36009, -0.09281], "size": [1, 0.4, 0.4], "pivot": [0.16609, 5.23081, 0.5], "rotation": [0, 0, 6], "uv": [0, 0]}
					]
				},
				{
					"name": "bone13",
					"parent": "bone15",
					"pivot": [0.06667, 10, 0.43333],
					"rotation": [0, 0, 156.5],
					"cubes": [
						{"origin": [-0.1142, 14.65983, -0.09281], "size": [1, 0.4, 0.4], "pivot": [0.1, 15.5, 0.5], "rotation": [0, 0, 5], "uv": [0, 0]},
						{"origin": [-0.46918, 3.68093, -1.99281], "size": [0.3, 11.4, 0.4], "uv": [0, 0]},
						{"origin": [-0.46918, 3.68093, 1.60719], "size": [0.3, 11.4, 0.4], "uv": [0, 0]},
						{"origin": [-0.46918, 14.68093, -1.59281], "size": [0.3, 0.4, 3.2], "uv": [0, 0]},
						{"origin": [-0.46918, 3.68093, -1.59281], "size": [0.3, 0.4, 3.2], "uv": [0, 0]},
						{"origin": [-0.21171, 3.70122, -0.09281], "size": [1, 0.4, 0.4], "pivot": [0.1, 4.5, 0.5], "rotation": [0, 0, -4], "uv": [0, 0]}
					]
				},
				{
					"name": "bone12",
					"parent": "bone15",
					"pivot": [0.06667, 10, 0.43333],
					"rotation": [0, 0, 143.5],
					"cubes": [
						{"origin": [-0.25272, 14.72442, -0.09281], "size": [1, 0.4, 0.4], "pivot": [0.1, 15.5, 0.5], "rotation": [0, 0, 5], "uv": [0, 0]},
						{"origin": [-0.60154, 3.75735, -1.99281], "size": [0.3, 11.4, 0.4], "uv": [0, 0]},
						{"origin": [-0.60154, 3.75735, 1.60719], "size": [0.3, 11.4, 0.4], "uv": [0, 0]},
						{"origin": [-0.60154, 14.75735, -1.59281], "size": [0.3, 0.4, 3.2], "uv": [0, 0]},
						{"origin": [-0.60154, 3.75735, -1.59281], "size": [0.3, 0.4, 3.2], "uv": [0, 0]},
						{"origin": [-0.33842, 3.78668, -0.09281], "size": [1, 0.4, 0.4], "pivot": [0.1, 4.5, 0.5], "rotation": [0, 0, -4], "uv": [0, 0]}
					]
				},
				{
					"name": "bone11",
					"parent": "bone15",
					"pivot": [0.06667, 10, 0.43333],
					"rotation": [0, 0, 130.5],
					"cubes": [
						{"origin": [-0.37315, 14.81851, -0.09281], "size": [1, 0.4, 0.4], "pivot": [0.1, 15.5, 0.5], "rotation": [0, 0, 5], "uv": [0, 0]},
						{"origin": [-0.71332, 3.86158, -1.99281], "size": [0.3, 11.4, 0.4], "uv": [0, 0]},
						{"origin": [-0.71332, 3.86158, 1.60719], "size": [0.3, 11.4, 0.4], "uv": [0, 0]},
						{"origin": [-0.71332, 14.86158, -1.59281], "size": [0.3, 0.4, 3.2], "uv": [0, 0]},
						{"origin": [-0.71332, 3.86158, -1.59281], "size": [0.3, 0.4, 3.2], "uv": [0, 0]},
						{"origin": [-0.44265, 3.89846, -0.09281], "size": [1, 0.4, 0.4], "pivot": [0.1, 4.5, 0.5], "rotation": [0, 0, -4], "uv": [0, 0]}
					]
				},
				{
					"name": "bone6",
					"parent": "bone15",
					"pivot": [0.06667, 10, 0.43333],
					"rotation": [0, 0, 65],
					"cubes": [
						{"origin": [-0.53435, 15.53088, -0.09281], "size": [1, 0.4, 0.4], "pivot": [0.1, 15.5, 0.5], "rotation": [0, 0, 5], "uv": [0, 0]},
						{"origin": [-0.81181, 4.58529, -1.99281], "size": [0.3, 11.4, 0.4], "uv": [0, 0]},
						{"origin": [-0.81181, 4.58529, 1.60719], "size": [0.3, 11.4, 0.4], "uv": [0, 0]},
						{"origin": [-0.81181, 15.58529, -1.59281], "size": [0.3, 0.4, 3.2], "uv": [0, 0]},
						{"origin": [-0.81181, 4.58529, -1.59281], "size": [0.3, 0.4, 3.2], "uv": [0, 0]},
						{"origin": [-0.49042, 4.62727, -0.09281], "size": [1, 0.4, 0.4], "pivot": [0.1, 4.5, 0.5], "rotation": [0, 0, -4], "uv": [0, 0]}
					]
				},
				{
					"name": "bone5",
					"parent": "bone15",
					"pivot": [0.06667, 10, 0.43333],
					"rotation": [0, 0, 52],
					"cubes": [
						{"origin": [-0.46615, 15.66766, -0.09281], "size": [1, 0.4, 0.4], "pivot": [0.1, 15.5, 0.5], "rotation": [0, 0, 5], "uv": [0, 0]},
						{"origin": [-0.73195, 4.71561, -1.99281], "size": [0.3, 11.4, 0.4], "uv": [0, 0]},
						{"origin": [-0.73195, 4.71561, 1.60719], "size": [0.3, 11.4, 0.4], "uv": [0, 0]},
						{"origin": [-0.73195, 15.71561, -1.59281], "size": [0.3, 0.4, 3.2], "uv": [0, 0]},
						{"origin": [-0.73195, 4.71561, -1.59281], "size": [0.3, 0.4, 3.2], "uv": [0, 0]},
						{"origin": [-0.40167, 4.7517, -0.09281], "size": [1, 0.4, 0.4], "pivot": [0.1, 4.5, 0.5], "rotation": [0, 0, -4], "uv": [0, 0]}
					]
				},
				{
					"name": "bone4",
					"parent": "bone15",
					"pivot": [0.06667, 10, 0.43333],
					"rotation": [0, 0, 39],
					"cubes": [
						{"origin": [-0.36893, 15.7856, -0.09281], "size": [1, 0.4, 0.4], "pivot": [0.1, 15.5, 0.5], "rotation": [0, 0, 5], "uv": [0, 0]},
						{"origin": [-0.62483, 4.82462, -1.99281], "size": [0.3, 11.4, 0.4], "uv": [0, 0]},
						{"origin": [-0.62483, 4.82462, 1.60719], "size": [0.3, 11.4, 0.4], "uv": [0, 0]},
						{"origin": [-0.62483, 15.82462, -1.59281], "size": [0.3, 0.4, 3.2], "uv": [0, 0]},
						{"origin": [-0.62483, 4.82462, -1.59281], "size": [0.3, 0.4, 3.2], "uv": [0, 0]},
						{"origin": [-0.2872, 4.85298, -0.09281], "size": [1, 0.4, 0.4], "pivot": [0.1, 4.5, 0.5], "rotation": [0, 0, -4], "uv": [0, 0]}
					]
				},
				{
					"name": "bone3",
					"parent": "bone15",
					"pivot": [0.06667, 10, 0.43333],
					"rotation": [0, 0, 26],
					"cubes": [
						{"origin": [-0.24768, 15.87864, -0.09281], "size": [1, 0.4, 0.4], "pivot": [0.1, 15.5, 0.5], "rotation": [0, 0, 5], "uv": [0, 0]},
						{"origin": [-0.49593, 4.90674, -1.99281], "size": [0.3, 11.4, 0.4], "uv": [0, 0]},
						{"origin": [-0.49593, 4.90674, 1.60719], "size": [0.3, 11.4, 0.4], "uv": [0, 0]},
						{"origin": [-0.49593, 15.90674, -1.59281], "size": [0.3, 0.4, 3.2], "uv": [0, 0]},
						{"origin": [-0.49593, 4.90674, -1.59281], "size": [0.3, 0.4, 3.2], "uv": [0, 0]},
						{"origin": [-0.15288, 4.9259, -0.09281], "size": [1, 0.4, 0.4], "pivot": [0.1, 4.5, 0.5], "rotation": [0, 0, -4], "uv": [0, 0]}
					]
				},
				{
					"name": "bone2",
					"parent": "bone15",
					"pivot": [0.06667, 10, 0.43333],
					"rotation": [0, 0, 13],
					"cubes": [
						{"origin": [-0.1086, 15.94202, -0.09281], "size": [1, 0.4, 0.4], "pivot": [0.1, 15.5, 0.5], "rotation": [0, 0, 5], "uv": [0, 0]},
						{"origin": [-0.35186, 4.95776, -1.99281], "size": [0.3, 11.4, 0.4], "uv": [0, 0]},
						{"origin": [-0.35186, 4.95776, 1.60719], "size": [0.3, 11.4, 0.4], "uv": [0, 0]},
						{"origin": [-0.35186, 15.95776, -1.59281], "size": [0.3, 0.4, 3.2], "uv": [0, 0]},
						{"origin": [-0.35186, 4.95776, -1.59281], "size": [0.3, 0.4, 3.2], "uv": [0, 0]},
						{"origin": [0.0944, 4.96675, -0.09281], "size": [1, 0.4, 0.4], "pivot": [0.1, 4.5, 0.5], "rotation": [0, 0, -4], "uv": [0, 0]}
					]
				},
				{
					"name": "bone",
					"parent": "bone15",
					"pivot": [0.06667, 10, 0.43333],
					"cubes": [
						{"origin": [0.04116, 15.97249, -0.09281], "size": [1, 0.4, 0.4], "pivot": [0.1, 15.5, 0.5], "rotation": [0, 0, 5], "uv": [0, 0]},
						{"origin": [-0.1, 4.97506, -1.99281], "size": [0.3, 11.4, 0.4], "uv": [0, 0]},
						{"origin": [-0.1, 4.97506, 1.60719], "size": [0.3, 11.4, 0.4], "uv": [0, 0]},
						{"origin": [-0.1, 15.97506, -1.59281], "size": [0.3, 0.4, 3.2], "uv": [0, 0]},
						{"origin": [-0.1, 4.97506, -1.59281], "size": [0.3, 0.4, 3.2], "uv": [0, 0]}
					]
				}
			]
		}
	]
}