{
	"format_version": "1.12.0",
	"minecraft:geometry": [
		{
			"description": {
				"identifier": "geometry.kolak",
				"texture_width": 64,
				"texture_height": 64,
				"visible_bounds_width": 2,
				"visible_bounds_height": 1.5,
				"visible_bounds_offset": [0, 0.25, 0]
			},
			"bones": [
				{
					"name": "kolak",
					"pivot": [0, 0, 0],
					"cubes": [
						{"origin": [-3, 0, -3], "size": [6, 1, 6], "uv": [0, 9]},
						{"origin": [3, 1, -4], "size": [1, 1, 8], "uv": [20, 20]},
						{"origin": [4, 2, -4], "size": [1, 1.3, 8], "uv": [16, 9]},
						{"origin": [-4, 2, -4], "size": [8, 1, 8], "uv": [0, 0]},
						{"origin": [-3, 2, -2], "size": [2, 2, 3], "pivot": [-2, 4, -1.5], "rotation": [-29.39942, -19.84302, 10.82777], "uv": [26, 11]},
						{"origin": [-1, 3, -4], "size": [2, 1, 3], "pivot": [0, 0, 0], "rotation": [2.5, -30, 0], "uv": [14, 29]},
						{"origin": [-1, 3, 0], "size": [2, 1, 3], "pivot": [0, 0, 0], "rotation": [-5, -47.5, 0], "uv": [7, 28]},
						{"origin": [0, 3, -1], "size": [2, 2, 3], "pivot": [0, 0, 0], "rotation": [-7.43656, 0.9762, 7.43656], "uv": [0, 26]},
						{"origin": [-4, 1, -4], "size": [1, 1, 8], "uv": [10, 19]},
						{"origin": [-3, 1, 3], "size": [6, 1, 1], "uv": [26, 9]},
						{"origin": [-3, 1, -4], "size": [6, 1, 1], "uv": [24, 6]},
						{"origin": [-5, 2, -5], "size": [10, 1.3, 1], "uv": [24, 3]},
						{"origin": [-5, 2, 4], "size": [10, 1.3, 1], "uv": [24, 0]},
						{"origin": [-5, 2, -4], "size": [1, 1.3, 8], "uv": [0, 16]},
						{"origin": [2.8, 3, -2], "size": [1, 2, 1], "pivot": [-0.2, 0, 0], "rotation": [15, 0, 5], "uv": [0, 3]},
						{"origin": [2.8, 2, -3], "size": [1, 2, 1], "pivot": [-0.2, 0, 0], "rotation": [-20, 0, 5], "uv": [0, 0]}
					]
				}
			]
		}
	]
}