{
	"format_version": "1.12.0",
	"minecraft:geometry": [
		{
			"description": {
				"identifier": "geometry.marjan",
				"texture_width": 32,
				"texture_height": 32,
				"visible_bounds_width": 2,
				"visible_bounds_height": 2.5,
				"visible_bounds_offset": [0, 0.75, 0]
			},
			"bones": [
				{
					"name": "marjan",
					"pivot": [0, 0, 0],
					"cubes": [
						{"origin": [-1.5, 0, -1.5], "size": [3, 12, 3], "uv": [0, 0]},
						{"origin": [-1, 12, -1], "size": [2, 3, 2], "uv": [12, 0]},
						{"origin": [-0.5, 15, -0.5], "size": [1, 2, 1], "inflate": 0.2, "uv": [12, 5]},
						{"origin": [-0.5, 17.5, -0.5], "size": [1, 0, 1], "inflate": 0.3, "uv": [9, 0]}
					]
				}
			]
		}
	]
}