{
	"format_version": "1.10.0",
	"geometry.player.mercon_spritus": {
		"texturewidth": 64,
		"textureheight": 64,
		"visible_bounds_width": 3,
		"visible_bounds_height": 3,
		"visible_bounds_offset": [0, 1.5, 0],
		"bones": [
			{
				"name": "root",
				"pivot": [0, 0, 0]
			},
			{
				"name": "waist",
				"parent": "root",
				"pivot": [0, 12, 0]
			},
			{
				"name": "body",
				"parent": "waist",
				"pivot": [0, 24, 0]
			},
			{
				"name": "head",
				"parent": "body",
				"pivot": [0, 24, 0]
			},
			{
				"name": "hat",
				"parent": "head",
				"pivot": [0, 24, 0]
			},
			{
				"name": "cape",
				"parent": "body",
				"pivot": [0, 24, 3]
			},
			{
				"name": "leftArm",
				"parent": "body",
				"pivot": [5, 22, 0]
			},
			{
				"name": "leftSleeve",
				"parent": "leftArm",
				"pivot": [5, 22, 0]
			},
			{
				"name": "leftItem",
				"parent": "leftArm",
				"pivot": [6, 15, 1]
			},
			{
				"name": "rightArm",
				"parent": "body",
				"pivot": [-5, 22, 0]
			},
			{
				"name": "rightSleeve",
				"parent": "rightArm",
				"pivot": [-5, 22, 0]
			},
			{
				"name": "rightItem",
				"parent": "rightArm",
				"pivot": [-6, 15, 1],
				"locators": {
					"lead_hold": [-6, 15, 1]
				}
			},
			{
				"name": "mercon_spritus",
				"parent": "body",
				"pivot": [6.3, 13, 4],
				"cubes": [
					{"origin": [4.3, 12, -14], "size": [3, 3, 15], "uv": [0, 0]},
					{"origin": [4.3, 12, 1], "size": [3, 3, 3], "uv": [0, 0]},
					{"origin": [5.3, 13, 4], "size": [1, 1, 1], "uv": [0, 6]}
				],
				"locators": {
					"effect": [5.8, 13.5, -15]
				}
			},
			{
				"name": "jacket",
				"parent": "body",
				"pivot": [0, 24, 0]
			}
		]
	}
}