{
	"format_version": "1.12.0",
	"minecraft:geometry": [
		{
			"description": {
				"identifier": "geometry.mic",
				"texture_width": 32,
				"texture_height": 32,
				"visible_bounds_width": 2,
				"visible_bounds_height": 3.5,
				"visible_bounds_offset": [0, 1.25, 0]
			},
			"bones": [
				{
					"name": "mic",
					"pivot": [0, 0, 0],
					"cubes": [
						{"origin": [-0.5, 0, -0.5], "size": [1, 23, 1], "uv": [0, 0]},
						{"origin": [0.5, 22, -0.5], "size": [0, 2, 1], "inflate": 0.2, "uv": [19, 21]},
						{"origin": [-0.5, 22, -0.5], "size": [0, 2, 1], "inflate": 0.2, "uv": [19, 20]},
						{"origin": [-0.5, 20.01185, -2.60822], "size": [1, 3, 1], "inflate": -0.3, "pivot": [0, 0, 0], "rotation": [-12.5, 0, 0], "uv": [20, 7]},
						{"origin": [-0.5, 13.99409, -7], "size": [1, 6, 1], "inflate": -0.3, "pivot": [0, 0, 0], "rotation": [-25, 0, 0], "uv": [4, 6]},
						{"origin": [-0.5, 1.20355, 0.16548], "size": [1, 16, 1], "inflate": -0.3, "uv": [4, 0]},
						{"origin": [-1.5, 0, -1.5], "size": [3, 2, 3], "uv": [12, 14]},
						{"origin": [-0.5, 0, 1.5], "size": [1, 1, 6], "uv": [4, 14]},
						{"origin": [-0.5, 0, -7.5], "size": [1, 1, 6], "pivot": [0, 0, 0], "rotation": [0, -47.5, 0], "uv": [8, 7]},
						{"origin": [-0.5, 0, -7.5], "size": [1, 1, 6], "pivot": [0, 0, 0], "rotation": [0, 50, 0], "uv": [8, 0]},
						{"origin": [-0.5, 2.19274, 22], "size": [1, 6, 1], "pivot": [0, 0, 0], "rotation": [77.5, 0, 0], "uv": [18, 19]},
						{"origin": [-1, 7, 21.5], "size": [2, 2, 2], "pivot": [0, 0, 0], "rotation": [77.5, 0, 0], "uv": [16, 0]}
					]
				}
			]
		}
	]
}