{
	"format_version": "1.12.0",
	"minecraft:geometry": [
		{
			"description": {
				"identifier": "geometry.petasan",
				"texture_width": 16,
				"texture_height": 16,
				"visible_bounds_width": 2,
				"visible_bounds_height": 1.5,
				"visible_bounds_offset": [0, 0.25, 0]
			},
			"bones": [
				{
					"name": "petasan",
					"pivot": [0, 0, 0],
					"cubes": [
						{"origin": [-1, 0, -1], "size": [2, 5, 2], "uv": [0, 0]},
						{"origin": [-0.3, 5, -0.2], "size": [0.5, 1, 0.5], "uv": [0, 0]},
						{"origin": [-0.2, 5.8, -0.2], "size": [0.5, 1, 0.5], "pivot": [-0.05, 5.7, 0.05], "rotation": [0, 0, -30], "uv": [1, 1]}
					],
					"locators": {
						"effect": [-0.5, 6.6, 0]
					}
				}
			]
		}
	]
}