{
	"format_version": "1.12.0",
	"minecraft:geometry": [
		{
			"description": {
				"identifier": "geometry.pht",
				"texture_width": 128,
				"texture_height": 64,
				"visible_bounds_width": 3,
				"visible_bounds_height": 4.4,
				"visible_bounds_offset": [0, 1.8, 0]
			},
			"bones": [
				{
					"name": "bb_main",
					"pivot": [0, 0, 0],
					"cubes": [
						{
							"origin": [-5, 36, 0],
							"size": [10, 10, 0],
							"uv": {
								"north": {"uv": [87, 2], "uv_size": [33, 40]},
								"east": {"uv": [97, 48], "uv_size": [0, 10]},
								"south": {"uv": [107, 48], "uv_size": [10, 10]},
								"west": {"uv": [107, 48], "uv_size": [0, 10]},
								"up": {"uv": [97, 48], "uv_size": [10, 0]},
								"down": {"uv": [107, 58], "uv_size": [10, 0]}
							}
						}
					]
				},
				{
					"name": "body",
					"pivot": [0, 0, 0],
					"cubes": [
						{
							"origin": [-4, 12, -3],
							"size": [8, 12, 6],
							"uv": {
								"north": {"uv": [22, 26], "uv_size": [8, 12]},
								"east": {"uv": [16, 26], "uv_size": [6, 12]},
								"south": {"uv": [36, 26], "uv_size": [8, 12]},
								"west": {"uv": [30, 26], "uv_size": [6, 12]},
								"up": {"uv": [22, 20], "uv_size": [8, 6]},
								"down": {"uv": [30, 26], "uv_size": [8, -6]}
							}
						},
						{
							"origin": [-4, 6, -3],
							"size": [8, 18, 6],
							"inflate": 0.5,
							"uv": {
								"north": {"uv": [6, 44], "uv_size": [8, 18]},
								"east": {"uv": [0, 44], "uv_size": [6, 18]},
								"south": {"uv": [20, 44], "uv_size": [8, 18]},
								"west": {"uv": [14, 44], "uv_size": [6, 18]},
								"up": {"uv": [6, 38], "uv_size": [8, 6]},
								"down": {"uv": [14, 44], "uv_size": [8, -6]}
							}
						}
					],
					"locators": {
						"lead_hold": [0, 40, 0]
					}
				},
				{
					"name": "head",
					"parent": "body",
					"pivot": [0, 24, 0],
					"cubes": [
						{
							"origin": [-4, 24, -4],
							"size": [8, 10, 8],
							"uv": {
								"north": {"uv": [8, 8], "uv_size": [8, 10]},
								"east": {"uv": [0, 8], "uv_size": [8, 10]},
								"south": {"uv": [24, 8], "uv_size": [8, 10]},
								"west": {"uv": [16, 8], "uv_size": [8, 10]},
								"up": {"uv": [8, 0], "uv_size": [8, 8]},
								"down": {"uv": [16, 8], "uv_size": [8, -8]}
							}
						}
					]
				},
				{
					"name": "helmet",
					"parent": "head",
					"pivot": [0, 24, 0],
					"cubes": [
						{
							"origin": [-4, 24, -4],
							"size": [8, 10, 8],
							"inflate": 0.5,
							"uv": {
								"north": {"uv": [40, 8], "uv_size": [8, 10]},
								"east": {"uv": [32, 8], "uv_size": [8, 10]},
								"south": {"uv": [56, 8], "uv_size": [8, 10]},
								"west": {"uv": [48, 8], "uv_size": [8, 10]},
								"up": {"uv": [40, 0], "uv_size": [8, 8]},
								"down": {"uv": [48, 8], "uv_size": [8, -8]}
							}
						}
					]
				},
				{
					"name": "brim",
					"parent": "head",
					"pivot": [0, 24, 0],
					"rotation": [-90, 0, 0],
					"cubes": [
						{
							"origin": [-8, 16, -6],
							"size": [16, 16, 1],
							"inflate": 0.1,
							"uv": {
								"north": {"uv": [31, 48], "uv_size": [16, 16]},
								"east": {"uv": [30, 48], "uv_size": [1, 16]},
								"south": {"uv": [48, 48], "uv_size": [16, 16]},
								"west": {"uv": [47, 48], "uv_size": [1, 16]},
								"up": {"uv": [31, 47], "uv_size": [16, 1]},
								"down": {"uv": [47, 48], "uv_size": [16, -1]}
							}
						}
					]
				},
				{
					"name": "nose",
					"parent": "head",
					"pivot": [0, 26, 0],
					"cubes": [
						{
							"origin": [-1, 23, -6],
							"size": [2, 4, 2],
							"uv": {
								"north": {"uv": [26, 2], "uv_size": [2, 4]},
								"east": {"uv": [24, 2], "uv_size": [2, 4]},
								"south": {"uv": [30, 2], "uv_size": [2, 4]},
								"west": {"uv": [28, 2], "uv_size": [2, 4]},
								"up": {"uv": [26, 0], "uv_size": [2, 2]},
								"down": {"uv": [28, 2], "uv_size": [2, -2]}
							}
						}
					]
				},
				{
					"name": "arms",
					"parent": "body",
					"pivot": [0, 22, 0],
					"cubes": [
						{
							"origin": [-4, 16, -2],
							"size": [8, 4, 4],
							"uv": {
								"north": {"uv": [44, 42], "uv_size": [8, 4]},
								"east": {"uv": [40, 42], "uv_size": [4, 4]},
								"south": {"uv": [56, 42], "uv_size": [8, 4]},
								"west": {"uv": [52, 42], "uv_size": [4, 4]},
								"up": {"uv": [44, 38], "uv_size": [8, 4]},
								"down": {"uv": [52, 42], "uv_size": [8, -4]}
							}
						},
						{
							"origin": [-8, 16, -2],
							"size": [4, 8, 4],
							"uv": {
								"north": {"uv": [48, 26], "uv_size": [4, 8]},
								"east": {"uv": [44, 26], "uv_size": [4, 8]},
								"south": {"uv": [56, 26], "uv_size": [4, 8]},
								"west": {"uv": [52, 26], "uv_size": [4, 8]},
								"up": {"uv": [48, 22], "uv_size": [4, 4]},
								"down": {"uv": [52, 26], "uv_size": [4, -4]}
							}
						},
						{
							"origin": [4, 16, -2],
							"size": [4, 8, 4],
							"uv": {
								"north": {"uv": [52, 26], "uv_size": [-4, 8]},
								"east": {"uv": [56, 26], "uv_size": [-4, 8]},
								"south": {"uv": [60, 26], "uv_size": [-4, 8]},
								"west": {"uv": [48, 26], "uv_size": [-4, 8]},
								"up": {"uv": [52, 22], "uv_size": [-4, 4]},
								"down": {"uv": [56, 26], "uv_size": [-4, -4]}
							}
						}
					]
				},
				{
					"name": "held_item",
					"parent": "arms",
					"pivot": [0, 0, 0]
				},
				{
					"name": "leg0",
					"parent": "body",
					"pivot": [-2, 12, 0],
					"cubes": [
						{
							"origin": [-4, 0, -2],
							"size": [4, 12, 4],
							"uv": {
								"north": {"uv": [4, 26], "uv_size": [4, 12]},
								"east": {"uv": [0, 26], "uv_size": [4, 12]},
								"south": {"uv": [12, 26], "uv_size": [4, 12]},
								"west": {"uv": [8, 26], "uv_size": [4, 12]},
								"up": {"uv": [4, 22], "uv_size": [4, 4]},
								"down": {"uv": [8, 26], "uv_size": [4, -4]}
							}
						}
					]
				},
				{
					"name": "leg1",
					"parent": "body",
					"pivot": [2, 12, 0],
					"cubes": [
						{
							"origin": [0, 0, -2],
							"size": [4, 12, 4],
							"uv": {
								"north": {"uv": [8, 26], "uv_size": [-4, 12]},
								"east": {"uv": [12, 26], "uv_size": [-4, 12]},
								"south": {"uv": [16, 26], "uv_size": [-4, 12]},
								"west": {"uv": [4, 26], "uv_size": [-4, 12]},
								"up": {"uv": [8, 22], "uv_size": [-4, 4]},
								"down": {"uv": [12, 26], "uv_size": [-4, -4]}
							}
						}
					]
				}
			]
		}
	]
}