{
  "format_version": "1.8.0",
  "geometry.player.pakaian.base": {
    "visible_bounds_width": 2,
    "visible_bounds_height": 2,
    "visible_bounds_offset": [
      0,
      1,
      0
    ],
    "texturewidth": 64,
    "textureheight": 32,
    "bones": [
      {
        "name": "body",
        "pivot": [
          0.0,
          24.0,
          0.0
        ],
        "cubes": [
          {
            "origin": [
              -4.0,
              10.0,
              -2.0
            ],
            "size": [
              8,
              14,
              4
            ],
            "uv": [
              16,
              16
            ]
          }
        ],
        "parent": "waist"
      },
      {
        "name": "waist",
        "neverRender": true,
        "pivot": [
          0.0,
          12.0,
          0.0
        ]
      },
      {
        "name": "head",
        "pivot": [
          0.0,
          24.0,
          0.0
        ],
        "cubes": [
          {
            "origin": [
              -4.0,
              24.0,
              -4.0
            ],
            "size": [
              8,
              8,
              8
            ],
            "uv": [
              0,
              0
            ]
          }
        ],
        "parent": "body"
      },
      {
        "name": "hat",
        "pivot": [
          0.0,
          24.0,
          0.0
        ],
        "cubes": [
          {
            "origin": [
              -4.0,
              24.0,
              -4.0
            ],
            "size": [
              8,
              8,
              8
            ],
            "uv": [
              32,
              0
            ],
            "inflate": 0.5
          }
        ],
        "neverRender": true,
        "parent": "head"
      },
      {
        "name": "rightArm",
        "pivot": [
          -5.0,
          22.0,
          0.0
        ],
        "cubes": [
          {
            "origin": [
              -8.0,
              12.0,
              -2.0
            ],
            "size": [
              4,
              12,
              4
            ],
            "uv": [
              40,
              16
            ]
          }
        ],
        "parent": "body"
      },
      {
        "name": "rightItem",
        "pivot": [
          -6,
          15,
          1
        ],
        "neverRender": true,
        "parent": "rightArm"
      },
      {
        "name": "leftArm",
        "pivot": [
          5.0,
          22.0,
          0.0
        ],
        "cubes": [
          {
            "origin": [
              4.0,
              12.0,
              -2.0
            ],
            "size": [
              4,
              12,
              4
            ],
            "uv": [
              40,
              16
            ]
          }
        ],
        "mirror": true,
        "parent": "body"
      },
      {
        "name": "rightLeg",
        "pivot": [
          -1.9,
          12.0,
          0.0
        ],
        "cubes": [
          {
            "origin": [
              -3.9,
              0.0,
              -2.0
            ],
            "size": [
              4,
              12,
              4
            ],
            "uv": [
              0,
              16
            ]
          }
        ],
        "parent": "body"
      },
      {
        "name": "leftLeg",
        "pivot": [
          1.9,
          12.0,
          0.0
        ],
        "cubes": [
          {
            "origin": [
              -0.1,
              0.0,
              -2.0
            ],
            "size": [
              4,
              12,
              4
            ],
            "uv": [
              0,
              16
            ]
          }
        ],
        "mirror": true,
        "parent": "body"
      }
    ]
  },
  "geometry.player.pakaian.cewe.base": {
    "visible_bounds_width": 2,
    "visible_bounds_height": 2,
    "visible_bounds_offset": [
      0,
      1,
      0
    ],
    "texturewidth": 64,
    "textureheight": 32,
    "bones": [
      {
        "name": "body",
        "pivot": [
          0.0,
          24.0,
          0.0
        ],
        "cubes": [
          {
            "origin": [
              -4.0,
              10.0,
              -2.0
            ],
            "size": [
              8,
              14,
              4
            ],
            "uv": [
              16,
              16
            ]
          }
        ],
        "parent": "waist"
      },
      {
        "name": "waist",
        "neverRender": true,
        "pivot": [
          0.0,
          12.0,
          0.0
        ]
      },
      {
        "name": "head",
        "pivot": [
          0.0,
          24.0,
          0.0
        ],
        "cubes": [
          {
            "origin": [
              -4.0,
              24.0,
              -4.0
            ],
            "size": [
              8,
              8,
              8
            ],
            "uv": [
              0,
              0
            ]
          }
        ],
        "parent": "body"
      },
      {
        "name": "hat",
        "pivot": [
          0.0,
          24.0,
          0.0
        ],
        "cubes": [
          {
            "origin": [
              -4.0,
              24.0,
              -4.0
            ],
            "size": [
              8,
              8,
              8
            ],
            "uv": [
              32,
              0
            ],
            "inflate": 0.5
          }
        ],
        "neverRender": true,
        "parent": "head"
      },
      {
        "name": "rightArm",
        "pivot": [
          -6.0,
          22.0,
          0.0
        ],
        "cubes": [
          {
            "origin": [
              -8.0,
              12.0,
              -2.0
            ],
            "size": [
              3,
              12,
              4
            ],
            "uv": [
              40,
              16
            ]
          }
        ],
        "parent": "body"
      },
      {
        "name": "rightItem",
        "pivot": [
          -6,
          15,
          1
        ],
        "neverRender": true,
        "parent": "rightArm"
      },
      {
        "name": "leftArm",
        "pivot": [
          5.0,
          22.0,
          0.0
        ],
        "cubes": [
          {
            "origin": [
              4.0,
              12.0,
              -2.0
            ],
            "size": [
              3,
              12,
              4
            ],
            "uv": [
              40,
              16
            ]
          }
        ],
        "mirror": true,
        "parent": "body"
      },
      {
        "name": "rightLeg",
        "pivot": [
          -1.9,
          12.0,
          0.0
        ],
        "cubes": [
          {
            "origin": [
              -3.9,
              0.0,
              -2.0
            ],
            "size": [
              4,
              12,
              4
            ],
            "uv": [
              0,
              16
            ]
          }
        ],
        "parent": "body"
      },
      {
        "name": "leftLeg",
        "pivot": [
          1.9,
          12.0,
          0.0
        ],
        "cubes": [
          {
            "origin": [
              -0.1,
              0.0,
              -2.0
            ],
            "size": [
              4,
              12,
              4
            ],
            "uv": [
              0,
              16
            ]
          }
        ],
        "mirror": true,
        "parent": "body"
      }
    ]
  },
  "geometry.player.sarung.base": {
    "visible_bounds_width": 2,
    "visible_bounds_height": 2,
    "visible_bounds_offset": [
      0,
      1,
      0
    ],
    "texturewidth": 64,
    "textureheight": 32,
    "bones": [
      {
        "name": "body",
        "pivot": [
          0.0,
          24.0,
          0.0
        ],
        "cubes": [
          {
            "origin": [
              -4,
              12,
              -2
            ],
            "size": [
              8,
              2,
              4
            ],
            "uv": [
              16,
              26
            ],
            "inflate": 0.3
          }
        ],
        "parent": "waist"
      },
      {
        "name": "waist",
        "neverRender": true,
        "pivot": [
          0.0,
          12.0,
          0.0
        ]
      },
      {
        "name": "head",
        "pivot": [
          0.0,
          24.0,
          0.0
        ],
        "cubes": [
          {
            "origin": [
              -4.0,
              24.0,
              -4.0
            ],
            "size": [
              8,
              8,
              8
            ],
            "uv": [
              0,
              0
            ]
          }
        ],
        "parent": "body"
      },
      {
        "name": "hat",
        "pivot": [
          0.0,
          24.0,
          0.0
        ],
        "cubes": [
          {
            "origin": [
              -4.0,
              24.0,
              -4.0
            ],
            "size": [
              8,
              8,
              8
            ],
            "uv": [
              32,
              0
            ],
            "inflate": 0.5
          }
        ],
        "neverRender": true,
        "parent": "head"
      },
      {
        "name": "rightArm",
        "pivot": [
          -5.0,
          22.0,
          0.0
        ],
        "cubes": [
          {
            "origin": [
              -8.0,
              12.0,
              -2.0
            ],
            "size": [
              4,
              12,
              4
            ],
            "uv": [
              40,
              16
            ]
          }
        ],
        "parent": "body"
      },
      {
        "name": "rightItem",
        "pivot": [
          -6,
          15,
          1
        ],
        "neverRender": true,
        "parent": "rightArm"
      },
      {
        "name": "leftArm",
        "pivot": [
          5.0,
          22.0,
          0.0
        ],
        "cubes": [
          {
            "origin": [
              4.0,
              12.0,
              -2.0
            ],
            "size": [
              4,
              12,
              4
            ],
            "uv": [
              40,
              16
            ]
          }
        ],
        "mirror": true,
        "parent": "body"
      },
      {
        "name": "rightLeg",
        "pivot": [
          -1.9,
          12.0,
          0.0
        ],
        "cubes": [
          {
            "origin": [
              -3.9,
              0.0,
              -2.0
            ],
            "size": [
              4,
              12,
              4
            ],
            "uv": [
              0,
              16
            ]
          }
        ],
        "parent": "body"
      },
      {
        "name": "leftLeg",
        "pivot": [
          1.9,
          12.0,
          0.0
        ],
        "cubes": [
          {
            "origin": [
              -0.1,
              0.0,
              -2.0
            ],
            "size": [
              4,
              12,
              4
            ],
            "uv": [
              0,
              16
            ]
          }
        ],
        "mirror": true,
        "parent": "body"
      }
    ]
  },
  "geometry.player.pakaian1:geometry.player.pakaian.base": {
    "bones": [
      {
        "name": "head",
        "inflate": 0.6
      },
      {
        "name": "hat",
        "inflate": 1.5,
        "neverRender": false
      },
      {
        "name": "body",
        "inflate": 0.27
      },
      {
        "name": "rightArm",
        "inflate": 0.26
      },
      {
        "name": "leftArm",
        "inflate": 0.26
      },
      {
        "name": "rightLeg",
        "inflate": 0.26
      },
      {
        "name": "leftLeg",
        "inflate": 0.26
      }
    ]
  },
  "geometry.player.pakaian1s:geometry.player.pakaian.cewe.base": {
    "bones": [
      {
        "name": "head",
        "inflate": 0.6
      },
      {
        "name": "hat",
        "inflate": 1.5,
        "neverRender": false
      },
      {
        "name": "body",
        "inflate": 0.25
      },
      {
        "name": "rightArm",
        "inflate": 0.26
      },
      {
        "name": "leftArm",
        "inflate": 0.26
      },
      {
        "name": "rightLeg",
        "inflate": 0.26
      },
      {
        "name": "leftLeg",
        "inflate": 0.26
      }
    ]
  },
  "geometry.player.mukena1:geometry.player.pakaian.base": {
    "bones": [
      {
        "name": "head",
        "inflate": 0.6
      },
      {
        "name": "hat",
        "inflate": 0.8,
        "neverRender": false
      },
      {
        "name": "body",
        "inflate": 0.27
      },
      {
        "name": "rightArm",
        "inflate": 0.26
      },
      {
        "name": "leftArm",
        "inflate": 0.26
      },
      {
        "name": "rightLeg",
        "inflate": 0.26
      },
      {
        "name": "leftLeg",
        "inflate": 0.26
      }
    ]
  },
  "geometry.player.kerudung:geometry.player.pakaian.base": {
    "bones": [
      {
        "name": "head",
        "inflate": 0.6
      },
      {
        "name": "hat",
        "inflate": 0.8,
        "neverRender": false
      },
      {
        "name": "body",
        "inflate": 0.29
      },
      {
        "name": "rightArm",
        "inflate": 0.26
      },
      {
        "name": "leftArm",
        "inflate": 0.26
      },
      {
        "name": "rightLeg",
        "inflate": 0.26
      },
      {
        "name": "leftLeg",
        "inflate": 0.26
      }
    ]
  },
  "geometry.player.sarung1:geometry.player.pakaian.base": {
    "bones": [
      {
        "name": "head",
        "inflate": 0.7
      },
      {
        "name": "hat",
        "inflate": 1.5,
        "neverRender": false
      },
      {
        "name": "body",
        "inflate": 0.27
      },
      {
        "name": "rightArm",
        "inflate": 0.27
      },
      {
        "name": "leftArm",
        "inflate": 0.27
      },
      {
        "name": "rightLeg",
        "inflate": 0.27
      },
      {
        "name": "leftLeg",
        "inflate": 0.27
      }
    ]
  },
  "geometry.player.pakaian.helmet:geometry.player.pakaian1": {
    "bones": [
      {
        "name": "body",
        "reset": true
      },
      {
        "name": "rightArm",
        "reset": true
      },
      {
        "name": "leftArm",
        "reset": true
      },
      {
        "name": "rightLeg",
        "reset": true
      },
      {
        "name": "leftLeg",
        "reset": true
      }
    ]
  },
  "geometry.player.sarung.helmet:geometry.player.sarung1": {
    "bones": [
      {
        "name": "rightLeg",
        "reset": true
      },
      {
        "name": "leftLeg",
        "reset": true
      }
    ]
  },
  "geometry.player.pakaian.chestplate:geometry.player.pakaian1": {
    "bones": [
      {
        "name": "head",
        "reset": true
      },
      {
        "name": "hat",
        "reset": true
      },
      {
        "name": "rightLeg",
        "reset": true
      },
      {
        "name": "leftLeg",
        "reset": true
      }
    ]
  },
  "geometry.player.pakaians.chestplate:geometry.player.pakaian1s": {
    "bones": [
      {
        "name": "head",
        "reset": true
      },
      {
        "name": "hat",
        "reset": true
      },
      {
        "name": "rightLeg",
        "reset": true
      },
      {
        "name": "leftLeg",
        "reset": true
      }
    ]
  },
  "geometry.player.mukena.chestplate:geometry.player.mukena1": {
    "bones": [
    ]
  },
  "geometry.player.kerudung.chestplate:geometry.player.kerudung": {
    "bones": [
    ]
  },
  "geometry.player.kerudunghitam.chestplate:geometry.player.mukena1": {
    "bones": [
      {
        "name": "body",
        "inflate": 0.29
      },
      {
        "name": "rightArm",
        "inflate": 0.27
      },
      {
        "name": "leftArm",
        "inflate": 0.27
      }
    ]
  },
  "geometry.player.pakaian.boots:geometry.player.pakaian1": {
    "bones": [
      {
        "name": "head",
        "reset": true
      },
      {
        "name": "hat",
        "reset": true
      },
      {
        "name": "body",
        "reset": true
      },
      {
        "name": "rightArm",
        "reset": true
      },
      {
        "name": "leftArm",
        "reset": true
      }
    ]
  },
  "geometry.player.pakaian2:geometry.player.pakaian.base": {
    "bones": [
      {
        "name": "head",
        "inflate": 0.6
      },
      {
        "name": "body",
        "inflate": 0.27
      },
      {
        "name": "rightArm",
        "inflate": 0.26
      },
      {
        "name": "leftArm",
        "inflate": 0.26
      },
      {
        "name": "rightLeg",
        "inflate": 0.26
      },
      {
        "name": "leftLeg",
        "inflate": 0.26
      }
    ]
  },
  "geometry.player.pakaian2mh:geometry.player.pakaian.base": {
    "bones": [
      {
        "name": "head",
        "inflate": 0.6
      },
      {
        "name": "body",
        "inflate": 0.27
      },
      {
        "name": "rightArm",
        "inflate": 0.26
      },
      {
        "name": "leftArm",
        "inflate": 0.26
      },
      {
        "name": "rightLeg",
        "inflate": 0.20
      },
      {
        "name": "leftLeg",
        "inflate": 0.20
      }
    ]
  },
  "geometry.player.pakaian2mh2:geometry.player.pakaian.cewe.base": {
    "bones": [
      {
        "name": "head",
        "inflate": 0.6
      },
      {
        "name": "body",
        "inflate": 0.27
      },
      {
        "name": "rightArm",
        "inflate": 0.26
      },
      {
        "name": "leftArm",
        "inflate": 0.26
      },
      {
        "name": "rightLeg",
        "inflate": 0.27
      },
      {
        "name": "leftLeg",
        "inflate": 0.27
      }
    ]
  },
  "geometry.player.sarung2:geometry.player.sarung.base": {
    "bones": [
      {
        "name": "head",
        "inflate": 0.6
      },
      {
        "name": "body",
        "inflate": 0.26
      },
      {
        "name": "rightArm",
        "inflate": 0.26
      },
      {
        "name": "leftArm",
        "inflate": 0.26
      },
      {
        "name": "rightLeg",
        "inflate": 0.26
      },
      {
        "name": "leftLeg",
        "inflate": 0.26
      }
    ]
  },
  "geometry.player.pakaian.leggings:geometry.player.pakaian2": {
    "bones": [
      {
        "name": "head",
        "reset": true
      },
      {
        "name": "hat",
        "reset": true
      },
      {
        "name": "rightArm",
        "reset": true
      },
      {
        "name": "leftArm",
        "reset": true
      }
    ]
  },
  "geometry.player.pakaian_mh.leggings:geometry.player.pakaian2mh": {
    "bones": [
      {
        "name": "head",
        "reset": true
      },
      {
        "name": "hat",
        "reset": true
      },
      {
        "name": "rightArm",
        "reset": true
      },
      {
        "name": "leftArm",
        "reset": true
      }
    ]
  },
  "geometry.player.pakaian_mh2.leggings:geometry.player.pakaian2mh2": {
    "bones": [
      {
        "name": "head",
        "reset": true
      },
      {
        "name": "hat",
        "reset": true
      }
    ]
  },
  "geometry.player.mukena.leggings:geometry.player.mukena1": {
    "bones": [
      {
        "name": "body",
        "inflate": 0.20
      },
      {
        "name": "head",
        "reset": true
      },
      {
        "name": "hat",
        "reset": true
      },
      {
        "name": "rightArm",
        "reset": true
      },
      {
        "name": "leftArm",
        "reset": true
      }
    ]
  },
  "geometry.player.sarung.leggings:geometry.player.sarung2": {
    "bones": [
      {
        "name": "head",
        "reset": true
      },
      {
        "name": "hat",
        "reset": true
      },
      {
        "name": "rightArm",
        "reset": true
      },
      {
        "name": "leftArm",
        "reset": true
      }
    ]
  }
}