{
	"format_version": "1.12.0",
	"minecraft:geometry": [
		{
			"description": {
				"identifier": "geometry.radio_kok_kayu",
				"texture_width": 64,
				"texture_height": 64,
				"visible_bounds_width": 2,
				"visible_bounds_height": 2.5,
				"visible_bounds_offset": [0, 0.75, 0]
			},
			"bones": [
				{
					"name": "radio",
					"pivot": [0, 0, 0],
					"rotation": [0, 90, 0],
					"cubes": [
						{"origin": [-7, 0.5, -3], "size": [14, 8, 6], "uv": [0, 0]},
						{"origin": [-2, 1.5, -3.5], "size": [8, 6, 1], "uv": [8, 27]},
						{"origin": [-6, 1.5, -3.5], "size": [3, 6, 1], "uv": [0, 27]},
						{"origin": [-5, 9.5, -1], "size": [10, 1, 2], "uv": [0, 14]},
						{"origin": [-5, 8.5, -1], "size": [1, 1, 2], "uv": [16, 20]},
						{"origin": [4, 8.5, -1], "size": [1, 1, 2], "uv": [16, 17]},
						{"origin": [5, 8.5, 2], "size": [1, 2, 1], "uv": [4, 23]},
						{"origin": [5, 9.5, 2], "size": [1, 3, 1], "inflate": -0.1, "uv": [0, 23]},
						{"origin": [5, 11.5, 2], "size": [1, 3, 1], "inflate": -0.2, "uv": [21, 22]},
						{"origin": [5, 15.5, 2], "size": [1, 1, 1], "inflate": -0.2, "uv": [22, 14]},
						{"origin": [5, 13.5, 2], "size": [1, 3, 1], "inflate": -0.3, "uv": [22, 17]},
						{"origin": [-6, 0, -2], "size": [1, 1, 1], "uv": [24, 21]},
						{"origin": [5, 0, -2], "size": [1, 1, 1], "uv": [8, 23]},
						{"origin": [-6, 0, 1], "size": [1, 1, 1], "uv": [16, 23]},
						{"origin": [5, 0, 1], "size": [1, 1, 1], "uv": [12, 23]}
					]
				}
			]
		}
	]
}