{
	"format_version": "1.12.0",
	"minecraft:geometry": [
		{
			"description": {
				"identifier": "geometry.rendang_block",
				"texture_width": 64,
				"texture_height": 64,
				"visible_bounds_width": 2,
				"visible_bounds_height": 1.5,
				"visible_bounds_offset": [0, 0.25, 0]
			},
			"bones": [
				{
					"name": "rendang_block",
					"pivot": [0, 0, 0],
					"cubes": [
						{"origin": [-4, 0, -4], "size": [8, 1, 8], "uv": [0, 0]},
						{"origin": [-4, 1, -4], "size": [8, 0.6, 8], "uv": [14, 41]},
						{"origin": [-1, 1.4, -4], "size": [5, 1, 3], "uv": [9, 44]},
						{"origin": [1, 1.4, -1], "size": [2, 2, 3], "uv": [33, 47]},
						{"origin": [-2, 1.4, -1], "size": [3, 1, 3], "uv": [22, 45]},
						{"origin": [-4, 1.4, -1], "size": [2, 1.4, 3], "uv": [29, 43]},
						{"origin": [-4, 1.4, 2], "size": [3, 0.7, 2], "uv": [39, 42]},
						{"origin": [-1, 1.4, 2], "size": [3, 1.7, 2], "uv": [46, 48]},
						{"origin": [-3, 1.4, -3], "size": [3, 1.7, 2], "uv": [33, 38]},
						{"origin": [-4, 1, 4], "size": [8, 1, 1], "uv": [24, 2]},
						{"origin": [-4, 1, -5], "size": [8, 1, 1], "uv": [24, 0]},
						{"origin": [-5, 1, -5], "size": [1, 1, 10], "uv": [0, 17]},
						{"origin": [4, 1, -5], "size": [1, 1, 10], "uv": [14, 9]}
					]
				}
			]
		}
	]
}