{
	"format_version": "1.12.0",
	"minecraft:geometry": [
		{
			"description": {
				"identifier": "geometry.sambal_ati_goreng_block",
				"texture_width": 16,
				"texture_height": 16,
				"visible_bounds_width": 2,
				"visible_bounds_height": 1.5,
				"visible_bounds_offset": [0, 0.25, 0]
			},
			"bones": [
				{
					"name": "sambal_ati_goreng_block",
					"pivot": [0, 0, 0],
					"cubes": [
						{
							"origin": [-5, 0.6, -5],
							"size": [10, 0.4, 10],
							"uv": {
								"north": {"uv": [10, 10], "uv_size": [10, 0]},
								"east": {"uv": [0, 10], "uv_size": [10, 0]},
								"south": {"uv": [30, 10], "uv_size": [10, 0]},
								"west": {"uv": [20, 10], "uv_size": [10, 0]},
								"up": {"uv": [4, 4], "uv_size": [7, 7]},
								"down": {"uv": [20, 10], "uv_size": [10, -10]}
							}
						},
						{
							"origin": [-2, 0.6, -4],
							"size": [4, 1, 5],
							"pivot": [0, 0, 0],
							"rotation": [-5, 0, 0],
							"uv": {
								"north": {"uv": [3, 6], "uv_size": [4, 1]},
								"east": {"uv": [3, 8], "uv_size": [5, 1]},
								"south": {"uv": [8, 6], "uv_size": [4, 1]},
								"west": {"uv": [7, 7], "uv_size": [5, 1]},
								"up": {"uv": [5, 6], "uv_size": [4, 5]},
								"down": {"uv": [7, 9], "uv_size": [4, -5]}
							}
						},
						{
							"origin": [-4, 0.6, -1],
							"size": [4, 1, 5],
							"pivot": [0, 0, 0],
							"rotation": [0, 0, -7.5],
							"uv": {
								"north": {"uv": [6, 7], "uv_size": [4, 1]},
								"east": {"uv": [4, 7], "uv_size": [5, 1]},
								"south": {"uv": [4, 5], "uv_size": [4, 1]},
								"west": {"uv": [6, 7], "uv_size": [5, 1]},
								"up": {"uv": [6, 6], "uv_size": [4, 5]},
								"down": {"uv": [7, 11], "uv_size": [4, -5]}
							}
						},
						{
							"origin": [0, 0.6, -1],
							"size": [4, 1, 5],
							"pivot": [0, 0, 0],
							"rotation": [-5, 0, -7.5],
							"uv": {
								"north": {"uv": [5, 5], "uv_size": [4, 1]},
								"east": {"uv": [4, 7], "uv_size": [5, 1]},
								"south": {"uv": [4, 7], "uv_size": [4, 1]},
								"west": {"uv": [3, 7], "uv_size": [5, 1]},
								"up": {"uv": [4, 5], "uv_size": [4, 5]},
								"down": {"uv": [6, 10], "uv_size": [4, -5]}
							}
						},
						{
							"origin": [-5, 0, -5],
							"size": [10, 0.5, 10],
							"uv": {
								"north": {"uv": [6, 13], "uv_size": [4, 1]},
								"east": {"uv": [6, 13], "uv_size": [4, 1]},
								"south": {"uv": [30, 10], "uv_size": [10, 0]},
								"west": {"uv": [20, 10], "uv_size": [10, 0]},
								"up": {"uv": [6, 13], "uv_size": [4, 1]},
								"down": {"uv": [6, 13.7], "uv_size": [4, -1]}
							}
						},
						{
							"origin": [-6, 0, 5],
							"size": [12, 1, 1],
							"uv": {
								"north": {"uv": [6, 13], "uv_size": [4, 1]},
								"east": {"uv": [7.4, 12.7], "uv_size": [1, 1]},
								"south": {"uv": [6.2, 12.7], "uv_size": [4, 1]},
								"west": {"uv": [7.3, 12.6], "uv_size": [1, 1]},
								"up": {"uv": [6, 12.8], "uv_size": [4, 1]},
								"down": {"uv": [7, 14], "uv_size": [2, -1]}
							}
						},
						{
							"origin": [-6, 0, -6],
							"size": [12, 1, 1],
							"uv": {
								"north": {"uv": [6, 13], "uv_size": [4, 1]},
								"east": {"uv": [7.1, 12.8], "uv_size": [1, 1]},
								"south": {"uv": [6, 13], "uv_size": [3, 1]},
								"west": {"uv": [6.6, 12.8], "uv_size": [1, 1]},
								"up": {"uv": [6.1, 12.6], "uv_size": [4, 1]},
								"down": {"uv": [6, 14], "uv_size": [4, -1]}
							}
						},
						{
							"origin": [5, 0, -5],
							"size": [1, 1, 10],
							"uv": {
								"north": {"uv": [7, 13], "uv_size": [1, 1]},
								"east": {"uv": [6, 13], "uv_size": [3, 1]},
								"south": {"uv": [21, 10], "uv_size": [1, 1]},
								"west": {"uv": [6.3, 12.7], "uv_size": [3, 1]},
								"up": {"uv": [6.6, 12.8], "uv_size": [3, 1]},
								"down": {"uv": [7, 14], "uv_size": [2, -1]}
							}
						},
						{
							"origin": [-6, 0, -5],
							"size": [1, 1, 10],
							"uv": {
								"north": {"uv": [7, 13], "uv_size": [1, 1]},
								"east": {"uv": [6.1, 12.7], "uv_size": [4, 1]},
								"south": {"uv": [21, 10], "uv_size": [1, 1]},
								"west": {"uv": [7, 14], "uv_size": [2, -1]},
								"up": {"uv": [7, 13], "uv_size": [2, 1]},
								"down": {"uv": [7, 14], "uv_size": [2, -1]}
							}
						}
					]
				}
			]
		}
	]
}