{
	"format_version": "1.12.0",
	"minecraft:geometry": [
		{
			"description": {
				"identifier": "geometry.sayur_lodeh_block",
				"texture_width": 64,
				"texture_height": 64,
				"visible_bounds_width": 2,
				"visible_bounds_height": 1.5,
				"visible_bounds_offset": [0, 0.25, 0]
			},
			"bones": [
				{
					"name": "sayur_lodeh_block",
					"pivot": [0, 0, 0],
					"cubes": [
						{
							"origin": [-3, 0, -3],
							"size": [6, 1, 6],
							"uv": {
								"north": {"uv": [6, 13], "uv_size": [6, 1]},
								"east": {"uv": [0, 13], "uv_size": [6, 1]},
								"south": {"uv": [18, 13], "uv_size": [6, 1]},
								"west": {"uv": [12, 13], "uv_size": [6, 1]},
								"up": {"uv": [6, 7], "uv_size": [6, 6]},
								"down": {"uv": [12, 13], "uv_size": [6, -6]}
							}
						},
						{
							"origin": [-3, 2.6, -3],
							"size": [6, 1, 6],
							"uv": {
								"north": {"uv": [30, 47], "uv_size": [6, 1]},
								"east": {"uv": [24, 47], "uv_size": [6, 1]},
								"south": {"uv": [42, 47], "uv_size": [6, 1]},
								"west": {"uv": [36, 47], "uv_size": [6, 1]},
								"up": {"uv": [30, 41], "uv_size": [24, 17]},
								"down": {"uv": [36, 47], "uv_size": [6, -6]}
							}
						},
						{
							"origin": [0, 3.6, -1],
							"size": [2, 1, 2],
							"uv": {
								"north": {"uv": [33, 49], "uv_size": [2, 1]},
								"east": {"uv": [31, 49], "uv_size": [2, 1]},
								"south": {"uv": [37, 49], "uv_size": [2, 1]},
								"west": {"uv": [35, 49], "uv_size": [2, 1]},
								"up": {"uv": [33, 47], "uv_size": [2, 2]},
								"down": {"uv": [35, 49], "uv_size": [2, -2]}
							}
						},
						{
							"origin": [0.88876, 2.90818, 0.76727],
							"size": [1, 2, 1],
							"pivot": [0, 0, 0],
							"rotation": [16.78625, 46.91522, -26.80177],
							"uv": {
								"north": {"uv": [26, 38], "uv_size": [1, 2]},
								"east": {"uv": [25, 38], "uv_size": [1, 2]},
								"south": {"uv": [28, 38], "uv_size": [1, 2]},
								"west": {"uv": [27, 38], "uv_size": [1, 2]},
								"up": {"uv": [26, 37], "uv_size": [1, 1]},
								"down": {"uv": [27, 38], "uv_size": [1, -1]}
							}
						},
						{
							"origin": [0.5386, 3.35318, -0.34946],
							"size": [1, 2, 1],
							"pivot": [0, 0, 0],
							"rotation": [62.22629, -46.60184, -55.90267],
							"uv": {
								"north": {"uv": [22, 40], "uv_size": [1, 2]},
								"east": {"uv": [21, 40], "uv_size": [1, 2]},
								"south": {"uv": [24, 40], "uv_size": [1, 2]},
								"west": {"uv": [23, 40], "uv_size": [1, 2]},
								"up": {"uv": [22, 39], "uv_size": [1, 1]},
								"down": {"uv": [23, 40], "uv_size": [1, -1]}
							}
						},
						{
							"origin": [-4, 1, -4],
							"size": [1, 3, 8],
							"uv": {
								"north": {"uv": [24, 14], "uv_size": [1, 3]},
								"east": {"uv": [16, 14], "uv_size": [8, 3]},
								"south": {"uv": [33, 14], "uv_size": [1, 3]},
								"west": {"uv": [25, 14], "uv_size": [8, 3]},
								"up": {"uv": [24, 6], "uv_size": [1, 8]},
								"down": {"uv": [25, 14], "uv_size": [1, -8]}
							}
						},
						{
							"origin": [3, 1, -4],
							"size": [1, 3, 8],
							"uv": {
								"north": {"uv": [8, 22], "uv_size": [1, 3]},
								"east": {"uv": [0, 22], "uv_size": [8, 3]},
								"south": {"uv": [17, 22], "uv_size": [1, 3]},
								"west": {"uv": [9, 22], "uv_size": [8, 3]},
								"up": {"uv": [8, 14], "uv_size": [1, 8]},
								"down": {"uv": [9, 22], "uv_size": [1, -8]}
							}
						},
						{
							"origin": [-3, 1, -4],
							"size": [6, 3, 1],
							"uv": {
								"north": {"uv": [19, 1], "uv_size": [6, 3]},
								"east": {"uv": [18, 1], "uv_size": [1, 3]},
								"south": {"uv": [26, 1], "uv_size": [6, 3]},
								"west": {"uv": [25, 1], "uv_size": [1, 3]},
								"up": {"uv": [19, 0], "uv_size": [6, 1]},
								"down": {"uv": [25, 1], "uv_size": [6, -1]}
							}
						},
						{
							"origin": [-3, 1, 3],
							"size": [6, 3, 1],
							"uv": {
								"north": {"uv": [11, 18], "uv_size": [6, 3]},
								"east": {"uv": [10, 18], "uv_size": [1, 3]},
								"south": {"uv": [18, 18], "uv_size": [6, 3]},
								"west": {"uv": [17, 18], "uv_size": [1, 3]},
								"up": {"uv": [11, 17], "uv_size": [6, 1]},
								"down": {"uv": [17, 18], "uv_size": [6, -1]}
							}
						}
					]
				}
			]
		}
	]
}