{
	"format_version": "1.12.0",
	"minecraft:geometry": [
		{
			"description": {
				"identifier": "geometry.semur_daging_block",
				"texture_width": 64,
				"texture_height": 64,
				"visible_bounds_width": 2,
				"visible_bounds_height": 1.5,
				"visible_bounds_offset": [0, 0.25, 0]
			},
			"bones": [
				{
					"name": "semur_daging",
					"pivot": [0, -1, 0],
					"cubes": [
						{
							"origin": [-5, 1, -5],
							"size": [10, 1.3, 1],
							"uv": {
								"north": {"uv": [11, 21], "uv_size": [10, 1]},
								"east": {"uv": [10, 21], "uv_size": [1, 1]},
								"south": {"uv": [22, 21], "uv_size": [10, 1]},
								"west": {"uv": [21, 21], "uv_size": [1, 1]},
								"up": {"uv": [11, 20], "uv_size": [10, 1]},
								"down": {"uv": [21, 21], "uv_size": [10, -1]}
							}
						},
						{
							"origin": [-4, 0, -4],
							"size": [8, 1.3, 8],
							"uv": {
								"north": {"uv": [8, 8], "uv_size": [8, 1]},
								"east": {"uv": [0, 8], "uv_size": [8, 1]},
								"south": {"uv": [24, 8], "uv_size": [8, 1]},
								"west": {"uv": [16, 8], "uv_size": [8, 1]},
								"up": {"uv": [8, 0], "uv_size": [8, 8]},
								"down": {"uv": [16, 8], "uv_size": [8, -8]}
							}
						},
						{
							"origin": [-4, 1, -4],
							"size": [8, 0.7, 8],
							"uv": {
								"north": {"uv": [32, 41], "uv_size": [8, 0]},
								"east": {"uv": [24, 41], "uv_size": [8, 0]},
								"south": {"uv": [48, 41], "uv_size": [8, 0]},
								"west": {"uv": [40, 41], "uv_size": [8, 0]},
								"up": {"uv": [32, 33], "uv_size": [8, 8]},
								"down": {"uv": [40, 41], "uv_size": [8, -8]}
							}
						},
						{
							"origin": [1, 2.00095, -2.04362],
							"size": [2, 0.7, 2],
							"pivot": [0, 0, 0],
							"rotation": [2.5, 0, 0],
							"uv": {
								"north": {"uv": [46, 37], "uv_size": [2, 0]},
								"east": {"uv": [44, 37], "uv_size": [2, 0]},
								"south": {"uv": [50, 37], "uv_size": [2, 0]},
								"west": {"uv": [48, 37], "uv_size": [2, 0]},
								"up": {"uv": [46, 35], "uv_size": [2, 2]},
								"down": {"uv": [48, 37], "uv_size": [2, -2]}
							}
						},
						{
							"origin": [2.13053, 1.80856, -4],
							"size": [2, 0.7, 2],
							"pivot": [0, 0, 0],
							"rotation": [0, 0, 7.5],
							"uv": {
								"north": {"uv": [43, 36], "uv_size": [2, 0]},
								"east": {"uv": [41, 36], "uv_size": [2, 0]},
								"south": {"uv": [47, 36], "uv_size": [2, 0]},
								"west": {"uv": [45, 36], "uv_size": [2, 0]},
								"up": {"uv": [43, 34], "uv_size": [2, 2]},
								"down": {"uv": [45, 36], "uv_size": [2, -2]}
							}
						},
						{
							"origin": [0, 1.10381, -0.08716],
							"size": [2, 1.7, 2],
							"pivot": [0, 0, 0],
							"rotation": [5, 0, 0],
							"uv": {
								"north": {"uv": [34, 51], "uv_size": [2, 1]},
								"east": {"uv": [32, 51], "uv_size": [2, 1]},
								"south": {"uv": [38, 51], "uv_size": [2, 1]},
								"west": {"uv": [36, 51], "uv_size": [2, 1]},
								"up": {"uv": [34, 49], "uv_size": [2, 2]},
								"down": {"uv": [36, 51], "uv_size": [2, -2]}
							}
						},
						{
							"origin": [1, -2.5, -3],
							"size": [2, 0.7, 2],
							"pivot": [0, 0, 0],
							"rotation": [0, 0, -180],
							"uv": {
								"north": {"uv": [33, 50], "uv_size": [2, 0]},
								"east": {"uv": [31, 50], "uv_size": [2, 0]},
								"south": {"uv": [37, 50], "uv_size": [2, 0]},
								"west": {"uv": [35, 50], "uv_size": [2, 0]},
								"up": {"uv": [33, 48], "uv_size": [2, 2]},
								"down": {"uv": [35, 50], "uv_size": [2, -2]}
							}
						},
						{
							"origin": [-2, 1.68246, -0.73242],
							"size": [2, 0.7, 2],
							"pivot": [0, 0, 0],
							"rotation": [7.5, 0, 0],
							"uv": {
								"north": {"uv": [22, 42], "uv_size": [2, 0]},
								"east": {"uv": [20, 42], "uv_size": [2, 0]},
								"south": {"uv": [26, 42], "uv_size": [2, 0]},
								"west": {"uv": [24, 42], "uv_size": [2, 0]},
								"up": {"uv": [22, 40], "uv_size": [2, 2]},
								"down": {"uv": [24, 42], "uv_size": [2, -2]}
							}
						},
						{
							"origin": [-2, 2.00095, 1.04362],
							"size": [2, 0.7, 2],
							"pivot": [0, 0, 0],
							"rotation": [-2.5, 0, 0],
							"uv": {
								"north": {"uv": [33, 38], "uv_size": [2, 0]},
								"east": {"uv": [31, 38], "uv_size": [2, 0]},
								"south": {"uv": [37, 38], "uv_size": [2, 0]},
								"west": {"uv": [35, 38], "uv_size": [2, 0]},
								"up": {"uv": [33, 36], "uv_size": [2, 2]},
								"down": {"uv": [35, 38], "uv_size": [2, -2]}
							}
						},
						{
							"origin": [-3, 1.7, 2],
							"size": [2, 0.7, 2],
							"uv": {
								"north": {"uv": [34, 42], "uv_size": [2, 0]},
								"east": {"uv": [32, 42], "uv_size": [2, 0]},
								"south": {"uv": [38, 42], "uv_size": [2, 0]},
								"west": {"uv": [36, 42], "uv_size": [2, 0]},
								"up": {"uv": [34, 40], "uv_size": [2, 2]},
								"down": {"uv": [36, 42], "uv_size": [2, -2]}
							}
						},
						{
							"origin": [2, 1.30095, 0.04362],
							"size": [2, 0.7, 2],
							"pivot": [0, 0, 0],
							"rotation": [-2.5, 0, 0],
							"uv": {
								"north": {"uv": [25, 45], "uv_size": [2, 0]},
								"east": {"uv": [23, 45], "uv_size": [2, 0]},
								"south": {"uv": [29, 45], "uv_size": [2, 0]},
								"west": {"uv": [27, 45], "uv_size": [2, 0]},
								"up": {"uv": [25, 43], "uv_size": [2, 2]},
								"down": {"uv": [27, 45], "uv_size": [2, -2]}
							}
						},
						{
							"origin": [1, 1.80095, 2.04362],
							"size": [2, 0.7, 2],
							"pivot": [0, 0, 0],
							"rotation": [-2.5, 0, 0],
							"uv": {
								"north": {"uv": [43, 36], "uv_size": [2, 0]},
								"east": {"uv": [41, 36], "uv_size": [2, 0]},
								"south": {"uv": [47, 36], "uv_size": [2, 0]},
								"west": {"uv": [45, 36], "uv_size": [2, 0]},
								"up": {"uv": [43, 34], "uv_size": [2, 2]},
								"down": {"uv": [45, 36], "uv_size": [2, -2]}
							}
						},
						{
							"origin": [-5, 1, -4],
							"size": [1, 1.3, 8],
							"uv": {
								"north": {"uv": [8, 25], "uv_size": [1, 1]},
								"east": {"uv": [0, 25], "uv_size": [8, 1]},
								"south": {"uv": [17, 25], "uv_size": [1, 1]},
								"west": {"uv": [9, 25], "uv_size": [8, 1]},
								"up": {"uv": [8, 17], "uv_size": [1, 8]},
								"down": {"uv": [9, 25], "uv_size": [1, -8]}
							}
						},
						{
							"origin": [-5, 1, 4],
							"size": [10, 1.3, 1],
							"uv": {
								"north": {"uv": [11, 19], "uv_size": [10, 1]},
								"east": {"uv": [10, 19], "uv_size": [1, 1]},
								"south": {"uv": [22, 19], "uv_size": [10, 1]},
								"west": {"uv": [21, 19], "uv_size": [1, 1]},
								"up": {"uv": [11, 18], "uv_size": [10, 1]},
								"down": {"uv": [21, 19], "uv_size": [10, -1]}
							}
						},
						{
							"origin": [4, 1, -4],
							"size": [1, 1.3, 8],
							"uv": {
								"north": {"uv": [24, 17], "uv_size": [1, 1]},
								"east": {"uv": [16, 17], "uv_size": [8, 1]},
								"south": {"uv": [33, 17], "uv_size": [1, 1]},
								"west": {"uv": [25, 17], "uv_size": [8, 1]},
								"up": {"uv": [24, 9], "uv_size": [1, 8]},
								"down": {"uv": [25, 17], "uv_size": [1, -8]}
							}
						},
						{
							"origin": [2.88792, 1.76209, -1.29642],
							"size": [1, 2, 1],
							"pivot": [0, 0, 0],
							"rotation": [15, 0, 5],
							"uv": {
								"north": {"uv": [28, 27], "uv_size": [1, 2]},
								"east": {"uv": [27, 27], "uv_size": [1, 2]},
								"south": {"uv": [30, 27], "uv_size": [1, 2]},
								"west": {"uv": [29, 27], "uv_size": [1, 2]},
								"up": {"uv": [28, 26], "uv_size": [1, 1]},
								"down": {"uv": [29, 27], "uv_size": [1, -1]}
							}
						},
						{
							"origin": [2.88792, 1.38952, -1.71363],
							"size": [1, 2, 1],
							"pivot": [0, 0, 0],
							"rotation": [-20, 0, 5],
							"uv": {
								"north": {"uv": [28, 27], "uv_size": [1, 2]},
								"east": {"uv": [27, 27], "uv_size": [1, 2]},
								"south": {"uv": [30, 27], "uv_size": [1, 2]},
								"west": {"uv": [29, 27], "uv_size": [1, 2]},
								"up": {"uv": [28, 26], "uv_size": [1, 1]},
								"down": {"uv": [29, 27], "uv_size": [1, -1]}
							}
						}
					]
				}
			]
		}
	]
}