{
	"format_version": "1.12.0",
	"minecraft:geometry": [
		{
			"description": {
				"identifier": "geometry.sheep_tidur_hidup",
				"texture_width": 64,
				"texture_height": 64,
				"visible_bounds_width": 4,
				"visible_bounds_height": 3,
				"visible_bounds_offset": [0, 0.5, 0]
			},
			"bones": [
				{
					"name": "root",
					"pivot": [-11, 5, 0],
					"rotation": [0, 0, 90]
				},
				{
					"name": "head",
					"parent": "root",
					"pivot": [-12, 24, -8],
					"cubes": [
						{"origin": [-15, 22, -14], "size": [6, 6, 8], "uv": [0, 0]}
					]
				},
				{
					"name": "body",
					"parent": "root",
					"pivot": [-12, 25, 2],
					"rotation": [90, 0, 0],
					"cubes": [
						{"origin": [-15, 18, -5], "size": [8, 16, 6], "uv": [28, 8]}
					]
				},
				{
					"name": "leg0",
					"parent": "root",
					"pivot": [-15, 18, 7],
					"rotation": [0, 0, -15],
					"cubes": [
						{"origin": [-17, 6, 5], "size": [4, 12, 4], "uv": [0, 16]}
					]
				},
				{
					"name": "leg1",
					"parent": "root",
					"pivot": [-9, 18, 7],
					"rotation": [-7.47178, -0.65182, -4.95744],
					"cubes": [
						{"origin": [-11, 6, 5], "size": [4, 12, 4], "uv": [0, 16]}
					]
				},
				{
					"name": "leg2",
					"parent": "root",
					"pivot": [-15, 18, -5],
					"rotation": [0, 0, -15],
					"cubes": [
						{"origin": [-17, 6, -7], "size": [4, 12, 4], "uv": [0, 16]}
					]
				},
				{
					"name": "leg3",
					"parent": "root",
					"pivot": [-9, 18, -5],
					"rotation": [-4.98107, -0.43523, -4.98107],
					"cubes": [
						{"origin": [-11, 6, -7], "size": [4, 12, 4], "uv": [0, 16]}
					]
				}
			]
		}
	]
}