{
	"format_version": "1.12.0",
	"minecraft:geometry": [
		{
			"description": {
				"identifier": "geometry.jualan_telur_gulung_dan_sosis",
				"texture_width": 364,
				"texture_height": 128,
				"visible_bounds_width": 7,
				"visible_bounds_height": 3.5,
				"visible_bounds_offset": [0, 1.25, 0]
			},
			"bones": [
				{
					"name": "jualan",
					"pivot": [0, 0, 0]
				},
				{
					"name": "telur_gulung",
					"parent": "jualan",
					"pivot": [16, 0, 0],
					"cubes": [
						{"origin": [8, 0, -11], "size": [1, 13, 1], "uv": [16, 76]},
						{"origin": [9, 1, -11], "size": [9, 13, 1], "uv": [46, 51]},
						{"origin": [8, 9, -10], "size": [1, 4, 9], "uv": [56, 0]},
						{"origin": [8, 5, -10], "size": [1, 1, 9], "uv": [43, 65]},
						{"origin": [8, 1, -10], "size": [1, 1, 9], "uv": [15, 66]},
						{"origin": [18, 1, -10], "size": [1, 13, 9], "uv": [36, 0]},
						{"origin": [9, 1, -1], "size": [9, 13, 1], "uv": [19, 52]},
						{"origin": [9, 2, -10], "size": [9, 9, 9], "uv": [0, 21]},
						{"origin": [13, 14.4, -6.3], "size": [1, 1, 9], "pivot": [17.5, 14.5, -0.5], "rotation": [37, 0, 0], "uv": [344, 20]},
						{"origin": [11, 14.4, -6.3], "size": [1, 1, 9], "pivot": [17.5, 14.5, -0.5], "rotation": [37, 0, 0], "uv": [344, 20]},
						{"origin": [9, 14.4, -6.3], "size": [1, 1, 9], "pivot": [17.5, 14.5, -0.5], "rotation": [37, 0, 0], "uv": [344, 20]},
						{"origin": [9.5, 15.4, -6.3], "size": [1, 1, 9], "pivot": [17.5, 14.5, -0.5], "rotation": [37, 0, 0], "uv": [344, 20]},
						{"origin": [16.7, 15.4, -6.3], "size": [1, 1, 9], "pivot": [17.5, 14.5, -0.5], "rotation": [37, 0, 0], "uv": [344, 43]},
						{"origin": [15.5, 15.4, -6.3], "size": [1, 1, 9], "pivot": [17.5, 14.5, -0.5], "rotation": [37, 0, 0], "uv": [344, 43]},
						{"origin": [13.9, 15.4, -6.3], "size": [1, 1, 9], "pivot": [17.5, 14.5, -0.5], "rotation": [37, 0, 0], "uv": [344, 43]},
						{"origin": [17, 14.4, -6.3], "size": [1, 1, 9], "pivot": [17.5, 14.5, -0.5], "rotation": [37, 0, 0], "uv": [344, 43]},
						{"origin": [15.8, 14.4, -6.3], "size": [1, 1, 9], "pivot": [17.5, 14.5, -0.5], "rotation": [37, 0, 0], "uv": [344, 43]},
						{"origin": [14.4, 14.4, -6.3], "size": [1, 1, 9], "pivot": [17.5, 14.5, -0.5], "rotation": [37, 0, 0], "uv": [344, 43]},
						{"origin": [12.3, 15.4, -6.3], "size": [1, 1, 9], "pivot": [17.5, 14.5, -0.5], "rotation": [37, 0, 0], "uv": [344, 20]},
						{"origin": [10.9, 15.4, -6.3], "size": [1, 1, 9], "pivot": [17.5, 14.5, -0.5], "rotation": [37, 0, 0], "uv": [344, 20]},
						{"origin": [13, 14.4, -6.3], "size": [1, 1, 9], "pivot": [17.5, 14.5, -0.5], "rotation": [37, 0, 0], "uv": [344, 20]},
						{"origin": [18, 0, -11], "size": [1, 14, 1], "uv": [75, 66]},
						{"origin": [18, 0, -1], "size": [1, 14, 1], "uv": [55, 75]},
						{"origin": [8, 0, -1], "size": [1, 13, 1], "uv": [59, 75]},
						{"origin": [-9, 0, -11], "size": [1, 13, 1], "uv": [74, 26]},
						{"origin": [-18, 1, -11], "size": [9, 13, 1], "uv": [0, 39]},
						{"origin": [-9, 13, -11], "size": [18, 1, 11], "uv": [150, 0]},
						{"origin": [-19, 14, -11], "size": [38, 4, 1], "uv": [150, 20]},
						{"origin": [18, 14, -10], "size": [1, 4, 7], "uv": [150, 20]},
						{"origin": [-19, 14, -10], "size": [1, 4, 7], "uv": [150, 20]},
						{"origin": [-9, 9, -10], "size": [1, 1, 9], "uv": [4, 57]},
						{"origin": [-9, 5, -10], "size": [1, 1, 9], "uv": [57, 56]},
						{"origin": [-9, 1, -10], "size": [1, 1, 9], "uv": [65, 42]},
						{"origin": [-19, 1, -10], "size": [1, 13, 9], "uv": [27, 30]},
						{"origin": [-18, 1, -1], "size": [9, 13, 1], "uv": [47, 37]},
						{"origin": [-18, 2, -10], "size": [9, 12, 9], "uv": [0, 0]},
						{"origin": [-6, 0, -9], "size": [4, 1, 4], "uv": [27, 0]},
						{"origin": [-7, 1, -10], "size": [6, 5, 6], "uv": [38, 22]},
						{"origin": [-6, 6, -9], "size": [4, 1, 0], "inflate": 0.3, "uv": [0, 1]},
						{"origin": [-6, 6, -5], "size": [4, 1, 0], "inflate": 0.3, "uv": [0, 0]},
						{"origin": [-2, 6, -9], "size": [0, 1, 4], "inflate": 0.3, "uv": [44, 25]},
						{"origin": [-4, 6, -7], "size": [0, 1, 0], "inflate": 0.3, "uv": [0, 0]},
						{"origin": [-11, 6, -8], "size": [8, 1, 1], "pivot": [-10, 7.5, -7.5], "rotation": [0.43688, -4.98093, -5.019], "uv": [27, 5]},
						{"origin": [-19, 0, -11], "size": [1, 14, 1], "uv": [43, 75]},
						{"origin": [-19, 0, -1], "size": [1, 14, 1], "uv": [47, 75]},
						{"origin": [-9, 0, -1], "size": [1, 13, 1], "uv": [51, 75]},
						{"origin": [5, 14, -9], "size": [3, 5, 3], "uv": [150, 45]},
						{"origin": [2, 19, -8], "size": [1, 1, 1], "uv": [168, 69]},
						{"origin": [1, 14, -9], "size": [3, 5, 3], "uv": [164, 66]},
						{"origin": [-8, 13.1, -6], "size": [4, 5, 4], "uv": [348, 119]},
						{"origin": [-3, 13.1, -9], "size": [3, 10, 3], "uv": [352, 0]},
						{"origin": [-7, 15.1, -2], "size": [1, 2, 1], "uv": [348, 119]},
						{"origin": [6, 19, -8], "size": [1, 1, 1], "uv": [150, 45]},
						{"origin": [4, 14, -5], "size": [2, 2, 2], "uv": [356, 76]},
						{"origin": [1.6, 14, -5], "size": [2, 2, 2], "uv": [356, 76]},
						{"origin": [-0.9, 14, -5], "size": [2, 2, 2], "uv": [356, 76]}
					]
				},
				{
					"name": "body",
					"pivot": [0, 0.5, 7],
					"cubes": [
						{"origin": [-4, 12, 4], "size": [8, 12, 6], "uv": [102, 20]},
						{"origin": [-4, 6, 4], "size": [8, 18, 6], "inflate": 0.5, "uv": [86, 38]}
					]
				},
				{
					"name": "head",
					"parent": "body",
					"pivot": [0, 25, 7],
					"cubes": [
						{"origin": [-4, 24, 3], "size": [8, 10, 8], "uv": [86, 0]}
					]
				},
				{
					"name": "helmet",
					"parent": "head",
					"pivot": [0, 24, 10],
					"cubes": [
						{"origin": [-4, 24, 3], "size": [8, 10, 8], "inflate": 0.5, "uv": [118, 0]}
					]
				},
				{
					"name": "brim",
					"parent": "head",
					"pivot": [0, 24, 10],
					"cubes": [
						{"origin": [-8, 21, -5], "size": [16, 16, 1], "inflate": 0.1, "pivot": [0, 24, 1.5], "rotation": [-90, 0, 0], "uv": [116, 47]}
					]
				},
				{
					"name": "nose",
					"parent": "head",
					"pivot": [0, 26, 10],
					"cubes": [
						{"origin": [-1, 23, 1], "size": [2, 4, 2], "uv": [110, 0]}
					]
				},
				{
					"name": "arms",
					"parent": "body",
					"pivot": [0, 22.33333, 7],
					"rotation": [-52.5, 0, 0],
					"cubes": [
						{"origin": [-4, 16, 5], "size": [8, 4, 4], "uv": [126, 38]},
						{"origin": [-8, 16, 5], "size": [4, 8, 4], "uv": [130, 22]},
						{"origin": [4, 16, 5], "size": [4, 8, 4], "uv": [130, 22], "mirror": true}
					]
				},
				{
					"name": "held_item",
					"parent": "arms",
					"pivot": [0, 0, 10]
				},
				{
					"name": "leg0",
					"parent": "body",
					"pivot": [-2, 12, 10],
					"cubes": [
						{"origin": [-4, 0, 5], "size": [4, 12, 4], "uv": [86, 22]}
					]
				},
				{
					"name": "leg1",
					"parent": "body",
					"pivot": [2, 12, 10],
					"cubes": [
						{"origin": [0, 0, 5], "size": [4, 12, 4], "uv": [86, 22], "mirror": true}
					]
				}
			]
		}
	]
}