{
	"format_version": "1.12.0",
	"minecraft:geometry": [
		{
			"description": {
				"identifier": "geometry.tempat_bayar_zakat",
				"texture_width": 128,
				"texture_height": 128,
				"visible_bounds_width": 4,
				"visible_bounds_height": 3.5,
				"visible_bounds_offset": [0, 1.25, 0]
			},
			"bones": [
				{
					"name": "tempat_bayar_zakat",
					"pivot": [0, 0, 0]
				},
				{
					"name": "root",
					"parent": "tempat_bayar_zakat",
					"pivot": [0, -1, 14]
				},
				{
					"name": "waist",
					"parent": "root",
					"pivot": [0, 11, 14]
				},
				{
					"name": "body",
					"parent": "waist",
					"pivot": [0, 23, 14],
					"cubes": [
						{
							"origin": [-4, 11, 12],
							"size": [8, 12, 4],
							"uv": {
								"north": {"uv": [20, 20], "uv_size": [8, 12]},
								"east": {"uv": [16, 20], "uv_size": [4, 12]},
								"south": {"uv": [32, 20], "uv_size": [8, 12]},
								"west": {"uv": [28, 20], "uv_size": [4, 12]},
								"up": {"uv": [20, 16], "uv_size": [8, 4]},
								"down": {"uv": [28, 20], "uv_size": [8, -4]}
							}
						}
					]
				},
				{
					"name": "head",
					"parent": "body",
					"pivot": [0, 23, 14],
					"cubes": [
						{
							"origin": [-4, 23, 10],
							"size": [8, 8, 8],
							"uv": {
								"north": {"uv": [8, 8], "uv_size": [8, 8]},
								"east": {"uv": [0, 8], "uv_size": [8, 8]},
								"south": {"uv": [24, 8], "uv_size": [8, 8]},
								"west": {"uv": [16, 8], "uv_size": [8, 8]},
								"up": {"uv": [8, 0], "uv_size": [8, 8]},
								"down": {"uv": [16, 8], "uv_size": [8, -8]}
							}
						}
					]
				},
				{
					"name": "hat",
					"parent": "head",
					"pivot": [0, 23, 14],
					"cubes": [
						{
							"origin": [-4, 23, 10],
							"size": [8, 8, 8],
							"inflate": 0.5,
							"uv": {
								"north": {"uv": [40, 8], "uv_size": [8, 8]},
								"east": {"uv": [32, 8], "uv_size": [8, 8]},
								"south": {"uv": [56, 8], "uv_size": [8, 8]},
								"west": {"uv": [48, 8], "uv_size": [8, 8]},
								"up": {"uv": [40, 0], "uv_size": [8, 8]},
								"down": {"uv": [48, 8], "uv_size": [8, -8]}
							}
						}
					]
				},
				{
					"name": "cape",
					"parent": "body",
					"pivot": [0, 23, 17]
				},
				{
					"name": "leftArm",
					"parent": "body",
					"pivot": [5, 21, 14],
					"rotation": [-15, 0, 0],
					"cubes": [
						{
							"origin": [4, 11, 12],
							"size": [4, 12, 4],
							"uv": {
								"north": {"uv": [36, 52], "uv_size": [4, 12]},
								"east": {"uv": [32, 52], "uv_size": [4, 12]},
								"south": {"uv": [44, 52], "uv_size": [4, 12]},
								"west": {"uv": [40, 52], "uv_size": [4, 12]},
								"up": {"uv": [36, 48], "uv_size": [4, 4]},
								"down": {"uv": [40, 52], "uv_size": [4, -4]}
							}
						}
					]
				},
				{
					"name": "leftSleeve",
					"parent": "leftArm",
					"pivot": [5, 21, 14],
					"cubes": [
						{
							"origin": [4, 11, 12],
							"size": [4, 12, 4],
							"inflate": 0.25,
							"uv": {
								"north": {"uv": [52, 52], "uv_size": [4, 12]},
								"east": {"uv": [48, 52], "uv_size": [4, 12]},
								"south": {"uv": [60, 52], "uv_size": [4, 12]},
								"west": {"uv": [56, 52], "uv_size": [4, 12]},
								"up": {"uv": [52, 48], "uv_size": [4, 4]},
								"down": {"uv": [56, 52], "uv_size": [4, -4]}
							}
						}
					]
				},
				{
					"name": "leftItem",
					"parent": "leftArm",
					"pivot": [6, 14, 15]
				},
				{
					"name": "rightArm",
					"parent": "body",
					"pivot": [-5, 21, 14],
					"rotation": [-15, 0, 0],
					"cubes": [
						{
							"origin": [-8, 11, 12],
							"size": [4, 12, 4],
							"uv": {
								"north": {"uv": [20, 52], "uv_size": [4, 12]},
								"east": {"uv": [16, 52], "uv_size": [4, 12]},
								"south": {"uv": [28, 52], "uv_size": [4, 12]},
								"west": {"uv": [24, 52], "uv_size": [4, 12]},
								"up": {"uv": [20, 48], "uv_size": [4, 4]},
								"down": {"uv": [24, 52], "uv_size": [4, -4]}
							}
						}
					]
				},
				{
					"name": "rightSleeve",
					"parent": "rightArm",
					"pivot": [-5, 21, 14],
					"cubes": [
						{
							"origin": [-8, 11, 12],
							"size": [4, 12, 4],
							"inflate": 0.25,
							"uv": {
								"north": {"uv": [44, 36], "uv_size": [4, 12]},
								"east": {"uv": [40, 36], "uv_size": [4, 12]},
								"south": {"uv": [52, 36], "uv_size": [4, 12]},
								"west": {"uv": [48, 36], "uv_size": [4, 12]},
								"up": {"uv": [44, 32], "uv_size": [4, 4]},
								"down": {"uv": [48, 36], "uv_size": [4, -4]}
							}
						}
					]
				},
				{
					"name": "rightItem",
					"parent": "rightArm",
					"pivot": [-6, 14, 15],
					"locators": {
						"lead_hold": [-6, 14, 15]
					}
				},
				{
					"name": "jacket",
					"parent": "body",
					"pivot": [0, 23, 14],
					"cubes": [
						{
							"origin": [-4, 11, 12],
							"size": [8, 12, 4],
							"inflate": 0.25,
							"uv": {
								"north": {"uv": [20, 36], "uv_size": [8, 12]},
								"east": {"uv": [16, 36], "uv_size": [4, 12]},
								"south": {"uv": [32, 36], "uv_size": [8, 12]},
								"west": {"uv": [28, 36], "uv_size": [4, 12]},
								"up": {"uv": [20, 32], "uv_size": [8, 4]},
								"down": {"uv": [28, 36], "uv_size": [8, -4]}
							}
						}
					]
				},
				{
					"name": "leftLeg",
					"parent": "root",
					"pivot": [1.9, 11, 14],
					"rotation": [-72.43726, -4.76804, -1.50701],
					"cubes": [
						{
							"origin": [-0.1, -1, 12],
							"size": [4, 12, 4],
							"uv": {
								"north": {"uv": [20, 52], "uv_size": [4, 12]},
								"east": {"uv": [16, 52], "uv_size": [4, 12]},
								"south": {"uv": [28, 52], "uv_size": [4, 12]},
								"west": {"uv": [24, 52], "uv_size": [4, 12]},
								"up": {"uv": [20, 48], "uv_size": [4, 4]},
								"down": {"uv": [24, 52], "uv_size": [4, -4]}
							}
						}
					]
				},
				{
					"name": "leftPants",
					"parent": "leftLeg",
					"pivot": [1.9, 11, 14],
					"cubes": [
						{
							"origin": [-0.1, -1, 12],
							"size": [4, 12, 4],
							"inflate": 0.25,
							"uv": {
								"north": {"uv": [4, 52], "uv_size": [4, 12]},
								"east": {"uv": [0, 52], "uv_size": [4, 12]},
								"south": {"uv": [12, 52], "uv_size": [4, 12]},
								"west": {"uv": [8, 52], "uv_size": [4, 12]},
								"up": {"uv": [4, 48], "uv_size": [4, 4]},
								"down": {"uv": [8, 52], "uv_size": [4, -4]}
							}
						}
					]
				},
				{
					"name": "rightLeg",
					"parent": "root",
					"pivot": [-1.9, 11, 14],
					"rotation": [-74.9453, 4.82922, 1.29717],
					"cubes": [
						{
							"origin": [-3.9, -1, 12],
							"size": [4, 12, 4],
							"uv": {
								"north": {"uv": [4, 20], "uv_size": [4, 12]},
								"east": {"uv": [0, 20], "uv_size": [4, 12]},
								"south": {"uv": [12, 20], "uv_size": [4, 12]},
								"west": {"uv": [8, 20], "uv_size": [4, 12]},
								"up": {"uv": [4, 16], "uv_size": [4, 4]},
								"down": {"uv": [8, 20], "uv_size": [4, -4]}
							}
						}
					]
				},
				{
					"name": "rightPants",
					"parent": "rightLeg",
					"pivot": [-1.9, 11, 14],
					"cubes": [
						{
							"origin": [-3.9, -1, 12],
							"size": [4, 12, 4],
							"inflate": 0.25,
							"uv": {
								"north": {"uv": [4, 36], "uv_size": [4, 12]},
								"east": {"uv": [0, 36], "uv_size": [4, 12]},
								"south": {"uv": [12, 36], "uv_size": [4, 12]},
								"west": {"uv": [8, 36], "uv_size": [4, 12]},
								"up": {"uv": [4, 32], "uv_size": [4, 4]},
								"down": {"uv": [8, 36], "uv_size": [4, -4]}
							}
						}
					]
				},
				{
					"name": "meja",
					"parent": "tempat_bayar_zakat",
					"pivot": [0, 0, 0],
					"cubes": [
						{
							"origin": [-24, 14, -8],
							"size": [48, 2, 16],
							"uv": {
								"north": {"uv": [16, 81], "uv_size": [48, 2]},
								"east": {"uv": [0, 81], "uv_size": [16, 2]},
								"south": {"uv": [80, 81], "uv_size": [48, 2]},
								"west": {"uv": [64, 81], "uv_size": [16, 2]},
								"up": {"uv": [16, 65], "uv_size": [48, 16]},
								"down": {"uv": [64, 81], "uv_size": [48, -16]}
							}
						},
						{
							"origin": [-5, 16, -6],
							"size": [8, 1, 12],
							"uv": {
								"north": {"uv": [100, 13], "uv_size": [8, 1]},
								"east": {"uv": [88, 13], "uv_size": [12, 1]},
								"south": {"uv": [120, 13], "uv_size": [8, 1]},
								"west": {"uv": [108, 13], "uv_size": [12, 1]},
								"up": {"uv": [100, 1], "uv_size": [8, 12]},
								"down": {"uv": [108, 13], "uv_size": [8, -12]}
							}
						},
						{
							"origin": [4, 16, -3],
							"size": [1, 1, 7],
							"uv": {
								"north": {"uv": [119, 35], "uv_size": [1, 1]},
								"east": {"uv": [112, 35], "uv_size": [7, 1]},
								"south": {"uv": [127, 35], "uv_size": [1, 1]},
								"west": {"uv": [120, 35], "uv_size": [7, 1]},
								"up": {"uv": [119, 28], "uv_size": [1, 7]},
								"down": {"uv": [120, 35], "uv_size": [1, -7]}
							}
						},
						{
							"origin": [-22, 2, -8],
							"size": [44, 1, 2],
							"uv": {
								"north": {"uv": [2, 68], "uv_size": [44, 1]},
								"east": {"uv": [0, 68], "uv_size": [2, 1]},
								"south": {"uv": [48, 68], "uv_size": [44, 1]},
								"west": {"uv": [46, 68], "uv_size": [2, 1]},
								"up": {"uv": [2, 66], "uv_size": [44, 2]},
								"down": {"uv": [46, 68], "uv_size": [44, -2]}
							}
						},
						{
							"origin": [-22, 2, 6],
							"size": [44, 1, 2],
							"uv": {
								"north": {"uv": [2, 69], "uv_size": [44, 1]},
								"east": {"uv": [0, 69], "uv_size": [2, 1]},
								"south": {"uv": [48, 69], "uv_size": [44, 1]},
								"west": {"uv": [46, 69], "uv_size": [2, 1]},
								"up": {"uv": [2, 67], "uv_size": [44, 2]},
								"down": {"uv": [46, 69], "uv_size": [44, -2]}
							}
						},
						{
							"origin": [-24, 2, -6],
							"size": [2, 1, 12],
							"uv": {
								"north": {"uv": [31, 76], "uv_size": [2, 1]},
								"east": {"uv": [19, 76], "uv_size": [12, 1]},
								"south": {"uv": [45, 76], "uv_size": [2, 1]},
								"west": {"uv": [33, 76], "uv_size": [12, 1]},
								"up": {"uv": [31, 64], "uv_size": [2, 12]},
								"down": {"uv": [33, 76], "uv_size": [2, -12]}
							}
						},
						{
							"origin": [22, 2, -6],
							"size": [2, 1, 12],
							"uv": {
								"north": {"uv": [59, 78], "uv_size": [2, 1]},
								"east": {"uv": [47, 78], "uv_size": [12, 1]},
								"south": {"uv": [73, 78], "uv_size": [2, 1]},
								"west": {"uv": [61, 78], "uv_size": [12, 1]},
								"up": {"uv": [59, 66], "uv_size": [2, 12]},
								"down": {"uv": [61, 78], "uv_size": [2, -12]}
							}
						},
						{
							"origin": [-1, 2, -6],
							"size": [2, 1, 12],
							"uv": {
								"north": {"uv": [42, 76], "uv_size": [2, 1]},
								"east": {"uv": [30, 76], "uv_size": [12, 1]},
								"south": {"uv": [56, 76], "uv_size": [2, 1]},
								"west": {"uv": [44, 76], "uv_size": [12, 1]},
								"up": {"uv": [42, 64], "uv_size": [2, 12]},
								"down": {"uv": [44, 76], "uv_size": [2, -12]}
							}
						},
						{
							"origin": [-24, 0, -8],
							"size": [2, 14, 2],
							"uv": {
								"north": {"uv": [2, 71], "uv_size": [2, 14]},
								"east": {"uv": [0, 71], "uv_size": [2, 14]},
								"south": {"uv": [6, 71], "uv_size": [2, 14]},
								"west": {"uv": [4, 71], "uv_size": [2, 14]},
								"up": {"uv": [2, 69], "uv_size": [2, 2]},
								"down": {"uv": [4, 71], "uv_size": [2, -2]}
							}
						},
						{
							"origin": [-24, 0, -8],
							"size": [2, 14, 2],
							"uv": {
								"north": {"uv": [10, 71], "uv_size": [2, 14]},
								"east": {"uv": [8, 71], "uv_size": [2, 14]},
								"south": {"uv": [14, 71], "uv_size": [2, 14]},
								"west": {"uv": [12, 71], "uv_size": [2, 14]},
								"up": {"uv": [10, 69], "uv_size": [2, 2]},
								"down": {"uv": [12, 71], "uv_size": [2, -2]}
							}
						},
						{
							"origin": [-24, 0, 6],
							"size": [2, 14, 2],
							"uv": {
								"north": {"uv": [66, 70], "uv_size": [2, 14]},
								"east": {"uv": [64, 70], "uv_size": [2, 14]},
								"south": {"uv": [70, 70], "uv_size": [2, 14]},
								"west": {"uv": [68, 70], "uv_size": [2, 14]},
								"up": {"uv": [66, 68], "uv_size": [2, 2]},
								"down": {"uv": [68, 70], "uv_size": [2, -2]}
							}
						},
						{
							"origin": [22, 0, 6],
							"size": [2, 14, 2],
							"uv": {
								"north": {"uv": [58, 70], "uv_size": [2, 14]},
								"east": {"uv": [56, 70], "uv_size": [2, 14]},
								"south": {"uv": [62, 70], "uv_size": [2, 14]},
								"west": {"uv": [60, 70], "uv_size": [2, 14]},
								"up": {"uv": [58, 68], "uv_size": [2, 2]},
								"down": {"uv": [60, 70], "uv_size": [2, -2]}
							}
						},
						{
							"origin": [22, 0, -8],
							"size": [2, 14, 2],
							"uv": {
								"north": {"uv": [50, 72], "uv_size": [2, 14]},
								"east": {"uv": [48, 72], "uv_size": [2, 14]},
								"south": {"uv": [54, 72], "uv_size": [2, 14]},
								"west": {"uv": [52, 72], "uv_size": [2, 14]},
								"up": {"uv": [50, 70], "uv_size": [2, 2]},
								"down": {"uv": [52, 72], "uv_size": [2, -2]}
							}
						}
					]
				},
				{
					"name": "bone2",
					"parent": "meja",
					"pivot": [15.5, 17.5, -2],
					"rotation": [0, -12.5, 0],
					"cubes": [
						{
							"origin": [10, 15.4, -0.7],
							"size": [11, 3, 0],
							"pivot": [15.5, 17.5, -2],
							"rotation": [27.5, 0, 0],
							"uv": {
								"north": {"uv": [64, 38], "uv_size": [11, 3]},
								"east": {"uv": [64, 38], "uv_size": [0, 3]},
								"south": {"uv": [65, 111], "uv_size": [37, -6]},
								"west": {"uv": [75, 38], "uv_size": [0, 3]},
								"up": {"uv": [64, 38], "uv_size": [11, 0]},
								"down": {"uv": [75, 38], "uv_size": [11, 0]}
							}
						},
						{
							"origin": [10, 16.1, -2],
							"size": [11, 3, 0],
							"pivot": [15.5, 17.5, -2],
							"rotation": [-27.5, 0, 0],
							"uv": {
								"north": {"uv": [11, 106], "uv_size": [117, 22]},
								"east": {"uv": [64, 41], "uv_size": [0, 3]},
								"south": {"uv": [85, 86], "uv_size": [11, 10]},
								"west": {"uv": [75, 41], "uv_size": [0, 3]},
								"up": {"uv": [61, 108], "uv_size": [11, 0]},
								"down": {"uv": [75, 41], "uv_size": [11, 0]}
							}
						}
					]
				},
				{
					"name": "bone",
					"parent": "meja",
					"pivot": [-13, 16.63432, 1.28915],
					"rotation": [0, 22.5, 0],
					"cubes": [
						{
							"origin": [-16, 16, -2],
							"size": [6, 1, 3],
							"pivot": [-13, 16.5, 0],
							"rotation": [-32.5, 0, 0],
							"uv": {
								"north": {"uv": [80, 53], "uv_size": [6, 1]},
								"east": {"uv": [77, 53], "uv_size": [3, 1]},
								"south": {"uv": [89, 53], "uv_size": [6, 1]},
								"west": {"uv": [86, 53], "uv_size": [3, 1]},
								"up": {"uv": [80, 50], "uv_size": [6, 3]},
								"down": {"uv": [86, 53], "uv_size": [6, -3]}
							}
						},
						{
							"origin": [-16, 16, 0],
							"size": [6, 1, 6],
							"uv": {
								"north": {"uv": [110, 59], "uv_size": [6, 1]},
								"east": {"uv": [104, 59], "uv_size": [6, 1]},
								"south": {"uv": [122, 59], "uv_size": [6, 1]},
								"west": {"uv": [116, 59], "uv_size": [6, 1]},
								"up": {"uv": [110, 53], "uv_size": [6, 6]},
								"down": {"uv": [116, 59], "uv_size": [6, -6]}
							}
						}
					]
				},
				{
					"name": "kursi",
					"parent": "tempat_bayar_zakat",
					"pivot": [0, 0, 0],
					"cubes": [
						{
							"origin": [-5, 8, 9],
							"size": [10, 2, 11],
							"uv": {
								"north": {"uv": [11, 102], "uv_size": [10, 2]},
								"east": {"uv": [0, 102], "uv_size": [11, 2]},
								"south": {"uv": [32, 102], "uv_size": [10, 2]},
								"west": {"uv": [21, 102], "uv_size": [11, 2]},
								"up": {"uv": [11, 91], "uv_size": [10, 11]},
								"down": {"uv": [21, 102], "uv_size": [10, -11]}
							}
						},
						{
							"origin": [3, 10, 18],
							"size": [2, 12, 2],
							"uv": {
								"north": {"uv": [65, 93], "uv_size": [2, 12]},
								"east": {"uv": [63, 93], "uv_size": [2, 12]},
								"south": {"uv": [69, 93], "uv_size": [2, 12]},
								"west": {"uv": [67, 93], "uv_size": [2, 12]},
								"up": {"uv": [65, 91], "uv_size": [2, 2]},
								"down": {"uv": [67, 93], "uv_size": [2, -2]}
							}
						},
						{
							"origin": [3, 0, 18],
							"size": [2, 8, 2],
							"uv": {
								"north": {"uv": [43, 96], "uv_size": [2, 8]},
								"east": {"uv": [41, 96], "uv_size": [2, 8]},
								"south": {"uv": [47, 96], "uv_size": [2, 8]},
								"west": {"uv": [45, 96], "uv_size": [2, 8]},
								"up": {"uv": [43, 94], "uv_size": [2, 2]},
								"down": {"uv": [45, 96], "uv_size": [2, -2]}
							}
						},
						{
							"origin": [-5, 0, 18],
							"size": [2, 8, 2],
							"uv": {
								"north": {"uv": [55, 96], "uv_size": [2, 8]},
								"east": {"uv": [53, 96], "uv_size": [2, 8]},
								"south": {"uv": [59, 96], "uv_size": [2, 8]},
								"west": {"uv": [57, 96], "uv_size": [2, 8]},
								"up": {"uv": [55, 94], "uv_size": [2, 2]},
								"down": {"uv": [57, 96], "uv_size": [2, -2]}
							}
						},
						{
							"origin": [-5, 0, 9],
							"size": [2, 8, 2],
							"uv": {
								"north": {"uv": [2, 96], "uv_size": [2, 8]},
								"east": {"uv": [0, 96], "uv_size": [2, 8]},
								"south": {"uv": [6, 96], "uv_size": [2, 8]},
								"west": {"uv": [4, 96], "uv_size": [2, 8]},
								"up": {"uv": [2, 94], "uv_size": [2, 2]},
								"down": {"uv": [4, 96], "uv_size": [2, -2]}
							}
						},
						{
							"origin": [3, 0, 9],
							"size": [2, 8, 2],
							"uv": {
								"north": {"uv": [2, 96], "uv_size": [2, 8]},
								"east": {"uv": [0, 96], "uv_size": [2, 8]},
								"south": {"uv": [6, 96], "uv_size": [2, 8]},
								"west": {"uv": [4, 96], "uv_size": [2, 8]},
								"up": {"uv": [2, 94], "uv_size": [2, 2]},
								"down": {"uv": [4, 96], "uv_size": [2, -2]}
							}
						},
						{
							"origin": [-1, 10, 18],
							"size": [2, 12, 2],
							"uv": {
								"north": {"uv": [62, 93], "uv_size": [2, 12]},
								"east": {"uv": [60, 93], "uv_size": [2, 12]},
								"south": {"uv": [66, 93], "uv_size": [2, 12]},
								"west": {"uv": [64, 93], "uv_size": [2, 12]},
								"up": {"uv": [62, 91], "uv_size": [2, 2]},
								"down": {"uv": [64, 93], "uv_size": [2, -2]}
							}
						},
						{
							"origin": [-5, 10, 18],
							"size": [2, 12, 2],
							"uv": {
								"north": {"uv": [67, 93], "uv_size": [2, 12]},
								"east": {"uv": [65, 93], "uv_size": [2, 12]},
								"south": {"uv": [71, 93], "uv_size": [2, 12]},
								"west": {"uv": [69, 93], "uv_size": [2, 12]},
								"up": {"uv": [67, 91], "uv_size": [2, 2]},
								"down": {"uv": [69, 93], "uv_size": [2, -2]}
							}
						},
						{
							"origin": [-5, 22, 18],
							"size": [10, 2, 2],
							"uv": {
								"north": {"uv": [54, 103], "uv_size": [10, 2]},
								"east": {"uv": [52, 103], "uv_size": [2, 2]},
								"south": {"uv": [66, 103], "uv_size": [10, 2]},
								"west": {"uv": [64, 103], "uv_size": [2, 2]},
								"up": {"uv": [54, 101], "uv_size": [10, 2]},
								"down": {"uv": [64, 103], "uv_size": [10, -2]}
							}
						}
					]
				}
			]
		}
	]
}