{
	"format_version": "1.12.0",
	"minecraft:geometry": [
		{
			"description": {
				"identifier": "geometry.toa_mesjid",
				"texture_width": 64,
				"texture_height": 64,
				"visible_bounds_width": 2,
				"visible_bounds_height": 2.5,
				"visible_bounds_offset": [0, 0.75, 0]
			},
			"bones": [
				{
					"name": "toa_mesjid",
					"pivot": [0, 0, 0],
					"cubes": [
						{"origin": [-2, 4, -3], "size": [3, 3, 2], "uv": [19, 19]},
						{"origin": [0.38043, 1.24874, 0.64449], "size": [0.5, 3.5, 0.5], "pivot": [0, 0, 0], "rotation": [36.83829, 7.57131, -9.97528], "uv": [42, 2]},
						{"origin": [0.38043, -3.24645, 1.12554], "size": [0.5, 4.5, 0.5], "pivot": [0, 0, 0], "rotation": [56.83829, 7.57131, -9.97528], "uv": [42, 2]},
						{"origin": [2, 0, -5], "size": [1, 6, 1], "uv": [8, 28]},
						{"origin": [-3, 0, -5], "size": [5, 1, 1], "uv": [24, 11]},
						{"origin": [-4, 0, -5], "size": [1, 6, 1], "uv": [4, 28]},
						{"origin": [-3, 3, -7], "size": [5, 5, 5], "uv": [0, 0]},
						{"origin": [-1.5, 4.5, -13], "size": [2, 2, 6], "uv": [14, 11]},
						{"origin": [-4, 2, -12], "size": [1, 7, 5], "uv": [12, 19]},
						{"origin": [2, 2, -12], "size": [1, 7, 5], "uv": [0, 16]},
						{"origin": [-3, 2, -12], "size": [5, 1, 5], "uv": [15, 5]},
						{"origin": [-3, 8, -12], "size": [5, 1, 5], "uv": [0, 10]},
						{"origin": [-5, 1, -13], "size": [1, 9, 1], "uv": [0, 28]},
						{"origin": [3, 1, -13], "size": [1, 9, 1], "uv": [24, 24]},
						{"origin": [-4, 9, -13], "size": [7, 1, 1], "uv": [15, 2]},
						{"origin": [-4, 1, -13], "size": [7, 1, 1], "uv": [15, 0]}
					]
				}
			]
		}
	]
}