{
	"format_version": "1.12.0",
	"minecraft:geometry": [
		{
			"description": {
				"identifier": "geometry.toples",
				"texture_width": 32,
				"texture_height": 32,
				"visible_bounds_width": 2,
				"visible_bounds_height": 2.5,
				"visible_bounds_offset": [0, 0.75, 0]
			},
			"bones": [
				{
					"name": "toples",
					"pivot": [0, 0, 0],
					"cubes": [
						{"origin": [-4, 0, -4], "size": [8, 10, 8], "uv": [0, 0]},
						{"origin": [-3, 10, -3], "size": [6, 1, 6], "uv": [0, 18]}
					]
				}
			]
		}
	]
}