{
	"format_version": "1.12.0",
	"minecraft:geometry": [
		{
			"description": {
				"identifier": "geometry.toples_astor",
				"texture_width": 32,
				"texture_height": 32,
				"visible_bounds_width": 2,
				"visible_bounds_height": 2.5,
				"visible_bounds_offset": [0, 0.75, 0]
			},
			"bones": [
				{
					"name": "toples",
					"pivot": [0, 0, 0],
					"cubes": [
						{
							"origin": [-4, 0, -4],
							"size": [8, 8, 8],
							"uv": {
								"north": {"uv": [9, 9], "uv_size": [6, 8]},
								"east": {"uv": [1, 9], "uv_size": [6, 8]},
								"south": {"uv": [25, 9], "uv_size": [6, 8]},
								"west": {"uv": [17, 9], "uv_size": [6, 8]},
								"up": {"uv": [9, 1], "uv_size": [6, 6]},
								"down": {"uv": [17, 7], "uv_size": [6, -6]}
							}
						},
						{
							"origin": [-4, 8, -4],
							"size": [8, 1, 8],
							"uv": {
								"north": {"uv": [8, 26], "uv_size": [8, 1]},
								"east": {"uv": [0, 26], "uv_size": [8, 1]},
								"south": {"uv": [24, 26], "uv_size": [8, 1]},
								"west": {"uv": [16, 26], "uv_size": [8, 1]},
								"up": {"uv": [8, 18], "uv_size": [8, 8]},
								"down": {"uv": [16, 26], "uv_size": [8, -8]}
							}
						},
						{
							"origin": [-3, 9, -3],
							"size": [6, 1, 6],
							"uv": {
								"north": {"uv": [6, 24], "uv_size": [6, 1]},
								"east": {"uv": [0, 24], "uv_size": [6, 1]},
								"south": {"uv": [18, 24], "uv_size": [6, 1]},
								"west": {"uv": [12, 24], "uv_size": [6, 1]},
								"up": {"uv": [6, 18], "uv_size": [6, 6]},
								"down": {"uv": [12, 24], "uv_size": [6, -6]}
							}
						}
					]
				}
			]
		}
	]
}