{
	"format_version": "1.10.0",
	"geometry.villager_bagi_takjil": {
		"texturewidth": 132,
		"textureheight": 132,
		"visible_bounds_width": 3,
		"visible_bounds_height": 3,
		"visible_bounds_offset": [0, 1.5, 0],
		"bones": [
			{
				"name": "body",
				"pivot": [0, 0, 0],
				"cubes": [
					{"origin": [-4, 12, -3], "size": [8, 12, 6], "uv": [16, 20]},
					{"origin": [-4, 6, -3], "size": [8, 18, 6], "uv": [0, 38], "inflate": 0.5}
				],
				"locators": {
					"lead_hold": [0, 40, 0]
				}
			},
			{
				"name": "head",
				"parent": "body",
				"pivot": [0, 24, 0],
				"cubes": [
					{"origin": [-4, 24, -4], "size": [8, 10, 8], "uv": [0, 0]}
				]
			},
			{
				"name": "helmet",
				"parent": "head",
				"pivot": [0, 24, 0],
				"cubes": [
					{"origin": [-4, 24, -4], "size": [8, 10, 8], "uv": [32, 0], "inflate": 0.5}
				]
			},
			{
				"name": "brim",
				"parent": "head",
				"pivot": [0, 24, 0],
				"cubes": [
					{"origin": [-8, 16, -6], "size": [16, 16, 1], "uv": [30, 47], "inflate": 0.1}
				]
			},
			{
				"name": "nose",
				"parent": "head",
				"pivot": [0, 26, 0],
				"cubes": [
					{"origin": [-1, 23, -6], "size": [2, 4, 2], "uv": [24, 0]}
				]
			},
			{
				"name": "arms",
				"parent": "body",
				"pivot": [0, 22, 0],
				"rotation": [-47.5, 0, 0],
				"cubes": [
					{"origin": [-4, 16, -2], "size": [8, 4, 4], "uv": [40, 38]},
					{"origin": [-8, 16, -2], "size": [4, 8, 4], "uv": [44, 22]},
					{"origin": [4, 16, -2], "size": [4, 8, 4], "uv": [44, 22], "mirror": true}
				]
			},
			{
				"name": "held_item",
				"parent": "arms",
				"pivot": [0, 0, 0]
			},
			{
				"name": "takjil",
				"parent": "body",
				"pivot": [1, 19, -6],
				"cubes": [
					{"origin": [-7, 19, -13], "size": [14, 1, 8], "uv": [88, 0]},
					{"origin": [-6, 20, -10], "size": [3, 4, 3], "uv": [120, 10]},
					{"origin": [-3, 20, -12], "size": [3, 4, 3], "uv": [120, 26]},
					{"origin": [0, 20, -12], "size": [6, 1, 6], "uv": [108, 52]}
				]
			},
			{
				"name": "leg0",
				"parent": "body",
				"pivot": [-2, 12, 0],
				"cubes": [
					{"origin": [-4, 0, -2], "size": [4, 12, 4], "uv": [0, 22]}
				]
			},
			{
				"name": "leg1",
				"parent": "body",
				"pivot": [2, 12, 0],
				"cubes": [
					{"origin": [0, 0, -2], "size": [4, 12, 4], "uv": [0, 22], "mirror": true}
				]
			}
		]
	}
}